<?xml version="1.0" encoding="UTF-8" ?>
<!-- This is a WordPress eXtended RSS file generated by WordPress as an export of your site. -->
<!-- It contains information about your site's posts, pages, comments, categories, and other content. -->
<!-- You may use this file to transfer that content from one site to another. -->
<!-- This file is not intended to serve as a complete backup of your site. -->

<!-- To import this information into a WordPress site follow these steps: -->
<!-- 1. Log in to that site as an administrator. -->
<!-- 2. Go to Tools: Import in the WordPress admin panel. -->
<!-- 3. Install the "WordPress" importer from the list. -->
<!-- 4. Activate & Run Importer. -->
<!-- 5. Upload this file using the form provided on that page. -->
<!-- 6. You will first be asked to map the authors in this export file to users -->
<!--    on the site. For each author, you may choose to map to an -->
<!--    existing user on the site or to create a new user. -->
<!-- 7. WordPress will then import each of the posts, pages, comments, categories, etc. -->
<!--    contained in this file into your site. -->

<!-- generator="WordPress/4.3" created="2015-12-02 08:03" -->
<rss version="2.0"
	xmlns:excerpt="http://wordpress.org/export/1.2/excerpt/"
	xmlns:content="http://purl.org/rss/1.0/modules/content/"
	xmlns:wfw="http://wellformedweb.org/CommentAPI/"
	xmlns:dc="http://purl.org/dc/elements/1.1/"
	xmlns:wp="http://wordpress.org/export/1.2/"
>

<channel>
	<title>N.</title>
	<link>http://demo.studiopress.com/no-sidebar</link>
	<description>A Professional Theme for Writers</description>
	<pubDate>Wed, 02 Dec 2015 08:03:08 +0000</pubDate>
	<language>en-US</language>
	<wp:wxr_version>1.2</wp:wxr_version>
	<wp:base_site_url>http://demo.studiopress.com/</wp:base_site_url>
	<wp:base_blog_url>http://demo.studiopress.com/no-sidebar</wp:base_blog_url>

	<wp:author><wp:author_id>1</wp:author_id><wp:author_login>admin</wp:author_login><wp:author_email>demo-comments@studiopress.com</wp:author_email><wp:author_display_name><![CDATA[Brian Gardner]]></wp:author_display_name><wp:author_first_name><![CDATA[Brian]]></wp:author_first_name><wp:author_last_name><![CDATA[Gardner]]></wp:author_last_name></wp:author>	

	<wp:category><wp:term_id>2</wp:term_id><wp:category_nicename>journal</wp:category_nicename><wp:category_parent></wp:category_parent><wp:cat_name><![CDATA[Journal]]></wp:cat_name><wp:category_description><![CDATA[This is a sample category description, which can be used to help boost your SEO rankings. Make sure you have this enabled from the Edit Category screen in your dashboard.]]></wp:category_description></wp:category>
	<wp:category><wp:term_id>1</wp:term_id><wp:category_nicename>uncategorized</wp:category_nicename><wp:category_parent></wp:category_parent><wp:cat_name><![CDATA[Uncategorized]]></wp:cat_name></wp:category>
	<wp:term><wp:term_id>3</wp:term_id><wp:term_taxonomy>nav_menu</wp:term_taxonomy><wp:term_slug>footer-menu</wp:term_slug><wp:term_name><![CDATA[Footer Menu]]></wp:term_name></wp:term>
	<wp:term><wp:term_id>4</wp:term_id><wp:term_taxonomy>nav_menu</wp:term_taxonomy><wp:term_slug>header-menu</wp:term_slug><wp:term_name><![CDATA[Header Menu]]></wp:term_name></wp:term>

	<generator>http://wordpress.org/?v=4.3</generator>

	<item>
		<title>Columns Page</title>
		<link>http://demo.studiopress.com/no-sidebar/columns/</link>
		<pubDate>Mon, 26 Oct 2015 22:52:27 +0000</pubDate>
		<dc:creator><![CDATA[admin]]></dc:creator>
		<guid isPermaLink="false">http://themedemo.me/no-sidebr/?page_id=6</guid>
		<description></description>
		<content:encoded><![CDATA[Below are examples of column classes that are available in the No Sidebar Pro theme.

<h4>Two-Columns</h4>

<div class="one-half first">
<p>This is an example of a WordPress post, you could edit this to put information about yourself or your site so readers know where you are coming from. You can create as many posts as you like in order to share with your readers what exactly is on your mind.</p>
</div>

<div class="one-half">
<p>This is an example of a WordPress post, you could edit this to put information about yourself or your site so readers know where you are coming from. You can create as many posts as you like in order to share with your readers what exactly is on your mind.</p>
</div>

<hr />

<h4>Three-Columns</h4>

<div class="one-third first">
<p>This is an example of a WordPress post, you could edit this to put information about yourself or your site so readers know where you are coming from. You can create as many posts as you like in order to share with your readers what is on your mind.</p>
</div>

<div class="one-third">
<p>This is an example of a WordPress post, you could edit this to put information about yourself or your site so readers know where you are coming from. You can create as many posts as you like in order to share with your readers what is on your mind.</p>
</div>

<div class="one-third">
<p>This is an example of a WordPress post, you could edit this to put information about yourself or your site so readers know where you are coming from. You can create as many posts as you like in order to share with your readers what is on your mind.</p>
</div>

<hr />

<h4>Four-Columns</h4>

<div class="one-fourth first">
<p>This is an example of a WordPress post, you could edit this to put information about yourself or your site so readers know where you are coming from. You can create as many posts as you like in order to share with your readers what exactly is on your mind.</p>
</div>

<div class="one-fourth">
<p>This is an example of a WordPress post, you could edit this to put information about yourself or your site so readers know where you are coming from. You can create as many posts as you like in order to share with your readers what exactly is on your mind.</p>
</div>

<div class="one-fourth">
<p>This is an example of a WordPress post, you could edit this to put information about yourself or your site so readers know where you are coming from. You can create as many posts as you like in order to share with your readers what exactly is on your mind.</p>
</div>

<div class="one-fourth">
<p>This is an example of a WordPress post, you could edit this to put information about yourself or your site so readers know where you are coming from. You can create as many posts as you like in order to share with your readers what exactly is on your mind.</p>
</div>

<hr />

<h4>Six-Columns</h4>

<div class="one-sixth first">
<p>This is an example of a WordPress post, you could edit this to put information about yourself or your site so readers know where you are coming from. You can create as many posts as you like in order to share with your readers what is on your mind.</p>
</div>

<div class="one-sixth">
<p>This is an example of a WordPress post, you could edit this to put information about yourself or your site so readers know where you are coming from. You can create as many posts as you like in order to share with your readers what is on your mind.</p>
</div>

<div class="one-sixth">
<p>This is an example of a WordPress post, you could edit this to put information about yourself or your site so readers know where you are coming from. You can create as many posts as you like in order to share with your readers what is on your mind.</p>
</div>

<div class="one-sixth">
<p>This is an example of a WordPress post, you could edit this to put information about yourself or your site so readers know where you are coming from. You can create as many posts as you like in order to share with your readers what is on your mind.</p>
</div>

<div class="one-sixth">
<p>This is an example of a WordPress post, you could edit this to put information about yourself or your site so readers know where you are coming from. You can create as many posts as you like in order to share with your readers what is on your mind.</p>
</div>

<div class="one-sixth">
<p>This is an example of a WordPress post, you could edit this to put information about yourself or your site so readers know where you are coming from. You can create as many posts as you like in order to share with your readers what is on your mind.</p>
</div>]]></content:encoded>
		<excerpt:encoded><![CDATA[]]></excerpt:encoded>
		<wp:post_id>6</wp:post_id>
		<wp:post_date>2015-10-26 22:52:27</wp:post_date>
		<wp:post_date_gmt>2015-10-26 22:52:27</wp:post_date_gmt>
		<wp:comment_status>closed</wp:comment_status>
		<wp:ping_status>closed</wp:ping_status>
		<wp:post_name>columns</wp:post_name>
		<wp:status>publish</wp:status>
		<wp:post_parent>0</wp:post_parent>
		<wp:menu_order>0</wp:menu_order>
		<wp:post_type>page</wp:post_type>
		<wp:post_password></wp:post_password>
		<wp:is_sticky>0</wp:is_sticky>
		<wp:postmeta>
			<wp:meta_key>_edit_last</wp:meta_key>
			<wp:meta_value><![CDATA[1]]></wp:meta_value>
		</wp:postmeta>
		<wp:postmeta>
			<wp:meta_key>_wp_page_template</wp:meta_key>
			<wp:meta_value><![CDATA[default]]></wp:meta_value>
		</wp:postmeta>
		<wp:postmeta>
			<wp:meta_key>_genesis_title</wp:meta_key>
			<wp:meta_value><![CDATA[Columns - No Sidebar]]></wp:meta_value>
		</wp:postmeta>
	</item>
	<item>
		<title>Newsletter</title>
		<link>http://demo.studiopress.com/no-sidebar/newsletter/</link>
		<pubDate>Mon, 26 Oct 2015 22:52:32 +0000</pubDate>
		<dc:creator><![CDATA[admin]]></dc:creator>
		<guid isPermaLink="false">http://themedemo.me/no-sidebr/?page_id=8</guid>
		<description></description>
		<content:encoded><![CDATA[]]></content:encoded>
		<excerpt:encoded><![CDATA[]]></excerpt:encoded>
		<wp:post_id>9</wp:post_id>
		<wp:post_date>2015-10-26 22:52:32</wp:post_date>
		<wp:post_date_gmt>2015-10-26 22:52:32</wp:post_date_gmt>
		<wp:comment_status>closed</wp:comment_status>
		<wp:ping_status>closed</wp:ping_status>
		<wp:post_name>newsletter</wp:post_name>
		<wp:status>publish</wp:status>
		<wp:post_parent>0</wp:post_parent>
		<wp:menu_order>0</wp:menu_order>
		<wp:post_type>page</wp:post_type>
		<wp:post_password></wp:post_password>
		<wp:is_sticky>0</wp:is_sticky>
		<wp:postmeta>
			<wp:meta_key>_edit_last</wp:meta_key>
			<wp:meta_value><![CDATA[1]]></wp:meta_value>
		</wp:postmeta>
		<wp:postmeta>
			<wp:meta_key>_wp_page_template</wp:meta_key>
			<wp:meta_value><![CDATA[page_newsletter.php]]></wp:meta_value>
		</wp:postmeta>
		<wp:postmeta>
			<wp:meta_key>_genesis_title</wp:meta_key>
			<wp:meta_value><![CDATA[Newsletter - No Sidebar]]></wp:meta_value>
		</wp:postmeta>
	</item>
	<item>
		<title>Typography</title>
		<link>http://demo.studiopress.com/no-sidebar/typography/</link>
		<pubDate>Mon, 26 Oct 2015 22:52:41 +0000</pubDate>
		<dc:creator><![CDATA[admin]]></dc:creator>
		<guid isPermaLink="false">http://themedemo.me/no-sidebr/?page_id=10</guid>
		<description></description>
		<content:encoded><![CDATA[Welcome to the formatting page for the No Sidebar Pro theme. We're glad you are interested in using this and want to show you how elements look.

<strong>Want to see what a blockquote looks like?</strong>
<blockquote>This is an example of a WordPress post, you could edit this to put information about your site so readers know where you are coming from. You can create as many posts as you like in order to share with your readers what is on your mind.</blockquote>
<strong>Perhaps you'd like to see what an unordered list looks like?</strong>
<ul>
	<li>Unordered list item #1</li>
	<li>Unordered list item #2</li>
	<li>Unordered list item #3</li>
</ul>
<strong>Or you'd prefer to see what an ordered list looks like?</strong>
<ol>
	<li>Ordered list item #1</li>
	<li>Ordered list item #2</li>
	<li>Ordered list item #3</li>
</ol>
<strong>Care to see what the headings look like?</strong>
<h1>Headline 1</h1>
<h2>Headline 2</h2>
<h3>Headline 3</h3>
<h4>Headline 4</h4>
<h5>Headline 5</h5>
<h6>Headline 6</h6>
<strong>How about the styling for threaded comments?</strong>

Starting with Version 2.7, WordPress has support for threaded comments. This is where you reply to a comment that was previously made, and makes reading comments easier. Take a look at the <a href="http://demo.studiopress.com/no-sidebar/theme#comments">comments of this post</a> and you will see.]]></content:encoded>
		<excerpt:encoded><![CDATA[]]></excerpt:encoded>
		<wp:post_id>10</wp:post_id>
		<wp:post_date>2015-10-26 22:52:41</wp:post_date>
		<wp:post_date_gmt>2015-10-26 22:52:41</wp:post_date_gmt>
		<wp:comment_status>closed</wp:comment_status>
		<wp:ping_status>closed</wp:ping_status>
		<wp:post_name>typography</wp:post_name>
		<wp:status>publish</wp:status>
		<wp:post_parent>0</wp:post_parent>
		<wp:menu_order>0</wp:menu_order>
		<wp:post_type>page</wp:post_type>
		<wp:post_password></wp:post_password>
		<wp:is_sticky>0</wp:is_sticky>
		<wp:postmeta>
			<wp:meta_key>_edit_last</wp:meta_key>
			<wp:meta_value><![CDATA[1]]></wp:meta_value>
		</wp:postmeta>
		<wp:postmeta>
			<wp:meta_key>_wp_page_template</wp:meta_key>
			<wp:meta_value><![CDATA[default]]></wp:meta_value>
		</wp:postmeta>
		<wp:postmeta>
			<wp:meta_key>_genesis_title</wp:meta_key>
			<wp:meta_value><![CDATA[Typography - No Sidebar]]></wp:meta_value>
		</wp:postmeta>
	</item>
	<item>
		<title>Typography.</title>
		<link>http://demo.studiopress.com/no-sidebar/typography/</link>
		<pubDate>Fri, 30 Oct 2015 16:51:40 +0000</pubDate>
		<dc:creator><![CDATA[bgardner]]></dc:creator>
		<guid isPermaLink="false">http://demo.studiopress.com/no-sidebar/typography/</guid>
		<description></description>
		<content:encoded><![CDATA[]]></content:encoded>
		<excerpt:encoded><![CDATA[]]></excerpt:encoded>
		<wp:post_id>11</wp:post_id>
		<wp:post_date>2015-10-30 16:51:40</wp:post_date>
		<wp:post_date_gmt>2015-10-30 16:51:40</wp:post_date_gmt>
		<wp:comment_status>closed</wp:comment_status>
		<wp:ping_status>closed</wp:ping_status>
		<wp:post_name>typography</wp:post_name>
		<wp:status>publish</wp:status>
		<wp:post_parent>0</wp:post_parent>
		<wp:menu_order>3</wp:menu_order>
		<wp:post_type>nav_menu_item</wp:post_type>
		<wp:post_password></wp:post_password>
		<wp:is_sticky>0</wp:is_sticky>
		<category domain="nav_menu" nicename="header-menu"><![CDATA[Header Menu]]></category>
		<wp:postmeta>
			<wp:meta_key>_menu_item_type</wp:meta_key>
			<wp:meta_value><![CDATA[post_type]]></wp:meta_value>
		</wp:postmeta>
		<wp:postmeta>
			<wp:meta_key>_menu_item_menu_item_parent</wp:meta_key>
			<wp:meta_value><![CDATA[0]]></wp:meta_value>
		</wp:postmeta>
		<wp:postmeta>
			<wp:meta_key>_menu_item_object_id</wp:meta_key>
			<wp:meta_value><![CDATA[10]]></wp:meta_value>
		</wp:postmeta>
		<wp:postmeta>
			<wp:meta_key>_menu_item_object</wp:meta_key>
			<wp:meta_value><![CDATA[page]]></wp:meta_value>
		</wp:postmeta>
		<wp:postmeta>
			<wp:meta_key>_menu_item_target</wp:meta_key>
			<wp:meta_value><![CDATA[]]></wp:meta_value>
		</wp:postmeta>
		<wp:postmeta>
			<wp:meta_key>_menu_item_classes</wp:meta_key>
			<wp:meta_value><![CDATA[a:1:{i:0;s:0:"";}]]></wp:meta_value>
		</wp:postmeta>
		<wp:postmeta>
			<wp:meta_key>_menu_item_xfn</wp:meta_key>
			<wp:meta_value><![CDATA[]]></wp:meta_value>
		</wp:postmeta>
		<wp:postmeta>
			<wp:meta_key>_menu_item_url</wp:meta_key>
			<wp:meta_value><![CDATA[]]></wp:meta_value>
		</wp:postmeta>
	</item>
	<item>
		<title>Newsletter.</title>
		<link>http://demo.studiopress.com/no-sidebar/newsletter/</link>
		<pubDate>Fri, 30 Oct 2015 16:51:40 +0000</pubDate>
		<dc:creator><![CDATA[bgardner]]></dc:creator>
		<guid isPermaLink="false">http://demo.studiopress.com/no-sidebar/newsletter/</guid>
		<description></description>
		<content:encoded><![CDATA[]]></content:encoded>
		<excerpt:encoded><![CDATA[]]></excerpt:encoded>
		<wp:post_id>12</wp:post_id>
		<wp:post_date>2015-10-30 16:51:40</wp:post_date>
		<wp:post_date_gmt>2015-10-30 16:51:40</wp:post_date_gmt>
		<wp:comment_status>closed</wp:comment_status>
		<wp:ping_status>closed</wp:ping_status>
		<wp:post_name>newsletter</wp:post_name>
		<wp:status>publish</wp:status>
		<wp:post_parent>0</wp:post_parent>
		<wp:menu_order>4</wp:menu_order>
		<wp:post_type>nav_menu_item</wp:post_type>
		<wp:post_password></wp:post_password>
		<wp:is_sticky>0</wp:is_sticky>
		<category domain="nav_menu" nicename="header-menu"><![CDATA[Header Menu]]></category>
		<wp:postmeta>
			<wp:meta_key>_menu_item_type</wp:meta_key>
			<wp:meta_value><![CDATA[post_type]]></wp:meta_value>
		</wp:postmeta>
		<wp:postmeta>
			<wp:meta_key>_menu_item_menu_item_parent</wp:meta_key>
			<wp:meta_value><![CDATA[0]]></wp:meta_value>
		</wp:postmeta>
		<wp:postmeta>
			<wp:meta_key>_menu_item_object_id</wp:meta_key>
			<wp:meta_value><![CDATA[9]]></wp:meta_value>
		</wp:postmeta>
		<wp:postmeta>
			<wp:meta_key>_menu_item_object</wp:meta_key>
			<wp:meta_value><![CDATA[page]]></wp:meta_value>
		</wp:postmeta>
		<wp:postmeta>
			<wp:meta_key>_menu_item_target</wp:meta_key>
			<wp:meta_value><![CDATA[]]></wp:meta_value>
		</wp:postmeta>
		<wp:postmeta>
			<wp:meta_key>_menu_item_classes</wp:meta_key>
			<wp:meta_value><![CDATA[a:1:{i:0;s:0:"";}]]></wp:meta_value>
		</wp:postmeta>
		<wp:postmeta>
			<wp:meta_key>_menu_item_xfn</wp:meta_key>
			<wp:meta_value><![CDATA[]]></wp:meta_value>
		</wp:postmeta>
		<wp:postmeta>
			<wp:meta_key>_menu_item_url</wp:meta_key>
			<wp:meta_value><![CDATA[]]></wp:meta_value>
		</wp:postmeta>
	</item>
	<item>
		<title>Journal.</title>
		<link>http://demo.studiopress.com/no-sidebar/journal/</link>
		<pubDate>Fri, 30 Oct 2015 16:51:40 +0000</pubDate>
		<dc:creator><![CDATA[bgardner]]></dc:creator>
		<guid isPermaLink="false">http://demo.studiopress.com/no-sidebar/journal/</guid>
		<description></description>
		<content:encoded><![CDATA[]]></content:encoded>
		<excerpt:encoded><![CDATA[]]></excerpt:encoded>
		<wp:post_id>13</wp:post_id>
		<wp:post_date>2015-10-30 16:51:40</wp:post_date>
		<wp:post_date_gmt>2015-10-30 16:51:40</wp:post_date_gmt>
		<wp:comment_status>closed</wp:comment_status>
		<wp:ping_status>closed</wp:ping_status>
		<wp:post_name>journal</wp:post_name>
		<wp:status>publish</wp:status>
		<wp:post_parent>0</wp:post_parent>
		<wp:menu_order>2</wp:menu_order>
		<wp:post_type>nav_menu_item</wp:post_type>
		<wp:post_password></wp:post_password>
		<wp:is_sticky>0</wp:is_sticky>
		<category domain="nav_menu" nicename="header-menu"><![CDATA[Header Menu]]></category>
		<wp:postmeta>
			<wp:meta_key>_menu_item_type</wp:meta_key>
			<wp:meta_value><![CDATA[taxonomy]]></wp:meta_value>
		</wp:postmeta>
		<wp:postmeta>
			<wp:meta_key>_menu_item_menu_item_parent</wp:meta_key>
			<wp:meta_value><![CDATA[0]]></wp:meta_value>
		</wp:postmeta>
		<wp:postmeta>
			<wp:meta_key>_menu_item_object_id</wp:meta_key>
			<wp:meta_value><![CDATA[2]]></wp:meta_value>
		</wp:postmeta>
		<wp:postmeta>
			<wp:meta_key>_menu_item_object</wp:meta_key>
			<wp:meta_value><![CDATA[category]]></wp:meta_value>
		</wp:postmeta>
		<wp:postmeta>
			<wp:meta_key>_menu_item_target</wp:meta_key>
			<wp:meta_value><![CDATA[]]></wp:meta_value>
		</wp:postmeta>
		<wp:postmeta>
			<wp:meta_key>_menu_item_classes</wp:meta_key>
			<wp:meta_value><![CDATA[a:1:{i:0;s:0:"";}]]></wp:meta_value>
		</wp:postmeta>
		<wp:postmeta>
			<wp:meta_key>_menu_item_xfn</wp:meta_key>
			<wp:meta_value><![CDATA[]]></wp:meta_value>
		</wp:postmeta>
		<wp:postmeta>
			<wp:meta_key>_menu_item_url</wp:meta_key>
			<wp:meta_value><![CDATA[]]></wp:meta_value>
		</wp:postmeta>
	</item>
	<item>
		<title>sample</title>
		<link>http://demo.studiopress.com/no-sidebar/theme/sample/</link>
		<pubDate>Tue, 27 Oct 2015 01:33:14 +0000</pubDate>
		<dc:creator><![CDATA[admin]]></dc:creator>
		<guid isPermaLink="false">http://www.studiopress.com/images/no-sidebar/sample.jpg</guid>
		<description></description>
		<content:encoded><![CDATA[]]></content:encoded>
		<excerpt:encoded><![CDATA[]]></excerpt:encoded>
		<wp:post_id>28</wp:post_id>
		<wp:post_date>2015-10-27 01:33:14</wp:post_date>
		<wp:post_date_gmt>2015-10-27 01:33:14</wp:post_date_gmt>
		<wp:comment_status>open</wp:comment_status>
		<wp:ping_status>closed</wp:ping_status>
		<wp:post_name>sample</wp:post_name>
		<wp:status>inherit</wp:status>
		<wp:post_parent>27</wp:post_parent>
		<wp:menu_order>0</wp:menu_order>
		<wp:post_type>attachment</wp:post_type>
		<wp:post_password></wp:post_password>
		<wp:is_sticky>0</wp:is_sticky>
		<wp:attachment_url>http://www.studiopress.com/images/no-sidebar/sample.jpg</wp:attachment_url>
		<wp:postmeta>
			<wp:meta_key>_wp_attached_file</wp:meta_key>
			<wp:meta_value><![CDATA[2015/10/sample.jpg]]></wp:meta_value>
		</wp:postmeta>
		<wp:postmeta>
			<wp:meta_key>_wp_attachment_metadata</wp:meta_key>
			<wp:meta_value><![CDATA[a:5:{s:5:"width";i:1024;s:6:"height";i:576;s:4:"file";s:18:"2015/10/sample.jpg";s:5:"sizes";a:4:{s:9:"thumbnail";a:4:{s:4:"file";s:18:"sample-150x150.jpg";s:5:"width";i:150;s:6:"height";i:150;s:9:"mime-type";s:10:"image/jpeg";}s:6:"medium";a:4:{s:4:"file";s:18:"sample-300x169.jpg";s:5:"width";i:300;s:6:"height";i:169;s:9:"mime-type";s:10:"image/jpeg";}s:5:"large";a:4:{s:4:"file";s:19:"sample-1024x576.jpg";s:5:"width";i:1024;s:6:"height";i:576;s:9:"mime-type";s:10:"image/jpeg";}s:9:"ns-single";a:4:{s:4:"file";s:19:"sample-1024x400.jpg";s:5:"width";i:1024;s:6:"height";i:400;s:9:"mime-type";s:10:"image/jpeg";}}s:10:"image_meta";a:11:{s:8:"aperture";i:0;s:6:"credit";s:0:"";s:6:"camera";s:0:"";s:7:"caption";s:0:"";s:17:"created_timestamp";i:0;s:9:"copyright";s:0:"";s:12:"focal_length";i:0;s:3:"iso";i:0;s:13:"shutter_speed";i:0;s:5:"title";s:0:"";s:11:"orientation";i:0;}}]]></wp:meta_value>
		</wp:postmeta>
	</item>
	<item>
		<title>sample-1</title>
		<link>http://demo.studiopress.com/no-sidebar/minimalism/sample-1/</link>
		<pubDate>Tue, 27 Oct 2015 01:43:05 +0000</pubDate>
		<dc:creator><![CDATA[admin]]></dc:creator>
		<guid isPermaLink="false">http://www.studiopress.com/images/no-sidebar/sample-1.jpg</guid>
		<description></description>
		<content:encoded><![CDATA[]]></content:encoded>
		<excerpt:encoded><![CDATA[]]></excerpt:encoded>
		<wp:post_id>34</wp:post_id>
		<wp:post_date>2015-10-27 01:43:05</wp:post_date>
		<wp:post_date_gmt>2015-10-27 01:43:05</wp:post_date_gmt>
		<wp:comment_status>open</wp:comment_status>
		<wp:ping_status>closed</wp:ping_status>
		<wp:post_name>sample-1</wp:post_name>
		<wp:status>inherit</wp:status>
		<wp:post_parent>16</wp:post_parent>
		<wp:menu_order>0</wp:menu_order>
		<wp:post_type>attachment</wp:post_type>
		<wp:post_password></wp:post_password>
		<wp:is_sticky>0</wp:is_sticky>
		<wp:attachment_url>http://www.studiopress.com/images/no-sidebar/sample-1.jpg</wp:attachment_url>
		<wp:postmeta>
			<wp:meta_key>_wp_attached_file</wp:meta_key>
			<wp:meta_value><![CDATA[2015/10/sample-1.jpg]]></wp:meta_value>
		</wp:postmeta>
		<wp:postmeta>
			<wp:meta_key>_wp_attachment_metadata</wp:meta_key>
			<wp:meta_value><![CDATA[a:5:{s:5:"width";i:1024;s:6:"height";i:576;s:4:"file";s:20:"2015/10/sample-1.jpg";s:5:"sizes";a:4:{s:9:"thumbnail";a:4:{s:4:"file";s:20:"sample-1-150x150.jpg";s:5:"width";i:150;s:6:"height";i:150;s:9:"mime-type";s:10:"image/jpeg";}s:6:"medium";a:4:{s:4:"file";s:20:"sample-1-300x169.jpg";s:5:"width";i:300;s:6:"height";i:169;s:9:"mime-type";s:10:"image/jpeg";}s:5:"large";a:4:{s:4:"file";s:21:"sample-1-1024x576.jpg";s:5:"width";i:1024;s:6:"height";i:576;s:9:"mime-type";s:10:"image/jpeg";}s:9:"ns-single";a:4:{s:4:"file";s:21:"sample-1-1024x400.jpg";s:5:"width";i:1024;s:6:"height";i:400;s:9:"mime-type";s:10:"image/jpeg";}}s:10:"image_meta";a:11:{s:8:"aperture";i:0;s:6:"credit";s:0:"";s:6:"camera";s:0:"";s:7:"caption";s:0:"";s:17:"created_timestamp";i:0;s:9:"copyright";s:0:"";s:12:"focal_length";i:0;s:3:"iso";i:0;s:13:"shutter_speed";i:0;s:5:"title";s:0:"";s:11:"orientation";i:0;}}]]></wp:meta_value>
		</wp:postmeta>
	</item>
	<item>
		<title>sample-3</title>
		<link>http://demo.studiopress.com/no-sidebar/frugal/sample-3/</link>
		<pubDate>Tue, 27 Oct 2015 02:01:48 +0000</pubDate>
		<dc:creator><![CDATA[admin]]></dc:creator>
		<guid isPermaLink="false">http://www.studiopress.com/images/no-sidebar/sample-3.jpg</guid>
		<description></description>
		<content:encoded><![CDATA[]]></content:encoded>
		<excerpt:encoded><![CDATA[]]></excerpt:encoded>
		<wp:post_id>38</wp:post_id>
		<wp:post_date>2015-10-27 02:01:48</wp:post_date>
		<wp:post_date_gmt>2015-10-27 02:01:48</wp:post_date_gmt>
		<wp:comment_status>open</wp:comment_status>
		<wp:ping_status>closed</wp:ping_status>
		<wp:post_name>sample-3</wp:post_name>
		<wp:status>inherit</wp:status>
		<wp:post_parent>37</wp:post_parent>
		<wp:menu_order>0</wp:menu_order>
		<wp:post_type>attachment</wp:post_type>
		<wp:post_password></wp:post_password>
		<wp:is_sticky>0</wp:is_sticky>
		<wp:attachment_url>http://www.studiopress.com/images/no-sidebar/sample-3.jpg</wp:attachment_url>
		<wp:postmeta>
			<wp:meta_key>_wp_attached_file</wp:meta_key>
			<wp:meta_value><![CDATA[2015/10/sample-3.jpg]]></wp:meta_value>
		</wp:postmeta>
		<wp:postmeta>
			<wp:meta_key>_wp_attachment_metadata</wp:meta_key>
			<wp:meta_value><![CDATA[a:5:{s:5:"width";i:1024;s:6:"height";i:576;s:4:"file";s:20:"2015/10/sample-3.jpg";s:5:"sizes";a:4:{s:9:"thumbnail";a:4:{s:4:"file";s:20:"sample-3-150x150.jpg";s:5:"width";i:150;s:6:"height";i:150;s:9:"mime-type";s:10:"image/jpeg";}s:6:"medium";a:4:{s:4:"file";s:20:"sample-3-300x169.jpg";s:5:"width";i:300;s:6:"height";i:169;s:9:"mime-type";s:10:"image/jpeg";}s:5:"large";a:4:{s:4:"file";s:21:"sample-3-1024x576.jpg";s:5:"width";i:1024;s:6:"height";i:576;s:9:"mime-type";s:10:"image/jpeg";}s:9:"ns-single";a:4:{s:4:"file";s:21:"sample-3-1024x400.jpg";s:5:"width";i:1024;s:6:"height";i:400;s:9:"mime-type";s:10:"image/jpeg";}}s:10:"image_meta";a:11:{s:8:"aperture";i:0;s:6:"credit";s:0:"";s:6:"camera";s:0:"";s:7:"caption";s:0:"";s:17:"created_timestamp";i:0;s:9:"copyright";s:0:"";s:12:"focal_length";i:0;s:3:"iso";i:0;s:13:"shutter_speed";i:0;s:5:"title";s:0:"";s:11:"orientation";i:0;}}]]></wp:meta_value>
		</wp:postmeta>
	</item>
	<item>
		<title>sample-4</title>
		<link>http://demo.studiopress.com/no-sidebar/minimalist-fashion/sample-4/</link>
		<pubDate>Tue, 27 Oct 2015 02:02:10 +0000</pubDate>
		<dc:creator><![CDATA[admin]]></dc:creator>
		<guid isPermaLink="false">http://www.studiopress.com/images/no-sidebar/sample-4.jpg</guid>
		<description></description>
		<content:encoded><![CDATA[]]></content:encoded>
		<excerpt:encoded><![CDATA[]]></excerpt:encoded>
		<wp:post_id>41</wp:post_id>
		<wp:post_date>2015-10-27 02:02:10</wp:post_date>
		<wp:post_date_gmt>2015-10-27 02:02:10</wp:post_date_gmt>
		<wp:comment_status>open</wp:comment_status>
		<wp:ping_status>closed</wp:ping_status>
		<wp:post_name>sample-4</wp:post_name>
		<wp:status>inherit</wp:status>
		<wp:post_parent>40</wp:post_parent>
		<wp:menu_order>0</wp:menu_order>
		<wp:post_type>attachment</wp:post_type>
		<wp:post_password></wp:post_password>
		<wp:is_sticky>0</wp:is_sticky>
		<wp:attachment_url>http://www.studiopress.com/images/no-sidebar/sample-4.jpg</wp:attachment_url>
		<wp:postmeta>
			<wp:meta_key>_wp_attached_file</wp:meta_key>
			<wp:meta_value><![CDATA[2015/10/sample-4.jpg]]></wp:meta_value>
		</wp:postmeta>
		<wp:postmeta>
			<wp:meta_key>_wp_attachment_metadata</wp:meta_key>
			<wp:meta_value><![CDATA[a:5:{s:5:"width";i:1024;s:6:"height";i:576;s:4:"file";s:20:"2015/10/sample-4.jpg";s:5:"sizes";a:4:{s:9:"thumbnail";a:4:{s:4:"file";s:20:"sample-4-150x150.jpg";s:5:"width";i:150;s:6:"height";i:150;s:9:"mime-type";s:10:"image/jpeg";}s:6:"medium";a:4:{s:4:"file";s:20:"sample-4-300x169.jpg";s:5:"width";i:300;s:6:"height";i:169;s:9:"mime-type";s:10:"image/jpeg";}s:5:"large";a:4:{s:4:"file";s:21:"sample-4-1024x576.jpg";s:5:"width";i:1024;s:6:"height";i:576;s:9:"mime-type";s:10:"image/jpeg";}s:9:"ns-single";a:4:{s:4:"file";s:21:"sample-4-1024x400.jpg";s:5:"width";i:1024;s:6:"height";i:400;s:9:"mime-type";s:10:"image/jpeg";}}s:10:"image_meta";a:11:{s:8:"aperture";i:0;s:6:"credit";s:0:"";s:6:"camera";s:0:"";s:7:"caption";s:0:"";s:17:"created_timestamp";i:0;s:9:"copyright";s:0:"";s:12:"focal_length";i:0;s:3:"iso";i:0;s:13:"shutter_speed";i:0;s:5:"title";s:0:"";s:11:"orientation";i:0;}}]]></wp:meta_value>
		</wp:postmeta>
	</item>
	<item>
		<title>sample-2</title>
		<link>http://demo.studiopress.com/no-sidebar/simple/sample-2/</link>
		<pubDate>Tue, 27 Oct 2015 02:24:25 +0000</pubDate>
		<dc:creator><![CDATA[admin]]></dc:creator>
		<guid isPermaLink="false">http://www.studiopress.com/images/no-sidebar/sample-2.jpg</guid>
		<description></description>
		<content:encoded><![CDATA[]]></content:encoded>
		<excerpt:encoded><![CDATA[]]></excerpt:encoded>
		<wp:post_id>43</wp:post_id>
		<wp:post_date>2015-10-27 02:24:25</wp:post_date>
		<wp:post_date_gmt>2015-10-27 02:24:25</wp:post_date_gmt>
		<wp:comment_status>open</wp:comment_status>
		<wp:ping_status>closed</wp:ping_status>
		<wp:post_name>sample-2</wp:post_name>
		<wp:status>inherit</wp:status>
		<wp:post_parent>24</wp:post_parent>
		<wp:menu_order>0</wp:menu_order>
		<wp:post_type>attachment</wp:post_type>
		<wp:post_password></wp:post_password>
		<wp:is_sticky>0</wp:is_sticky>
		<wp:attachment_url>http://www.studiopress.com/images/no-sidebar/sample-2.jpg</wp:attachment_url>
		<wp:postmeta>
			<wp:meta_key>_wp_attached_file</wp:meta_key>
			<wp:meta_value><![CDATA[2015/10/sample-2.jpg]]></wp:meta_value>
		</wp:postmeta>
		<wp:postmeta>
			<wp:meta_key>_wp_attachment_metadata</wp:meta_key>
			<wp:meta_value><![CDATA[a:5:{s:5:"width";i:1024;s:6:"height";i:576;s:4:"file";s:20:"2015/10/sample-2.jpg";s:5:"sizes";a:4:{s:9:"thumbnail";a:4:{s:4:"file";s:20:"sample-2-150x150.jpg";s:5:"width";i:150;s:6:"height";i:150;s:9:"mime-type";s:10:"image/jpeg";}s:6:"medium";a:4:{s:4:"file";s:20:"sample-2-300x169.jpg";s:5:"width";i:300;s:6:"height";i:169;s:9:"mime-type";s:10:"image/jpeg";}s:5:"large";a:4:{s:4:"file";s:21:"sample-2-1024x576.jpg";s:5:"width";i:1024;s:6:"height";i:576;s:9:"mime-type";s:10:"image/jpeg";}s:9:"ns-single";a:4:{s:4:"file";s:21:"sample-2-1024x400.jpg";s:5:"width";i:1024;s:6:"height";i:400;s:9:"mime-type";s:10:"image/jpeg";}}s:10:"image_meta";a:11:{s:8:"aperture";i:0;s:6:"credit";s:0:"";s:6:"camera";s:0:"";s:7:"caption";s:0:"";s:17:"created_timestamp";i:0;s:9:"copyright";s:0:"";s:12:"focal_length";i:0;s:3:"iso";i:0;s:13:"shutter_speed";i:0;s:5:"title";s:0:"";s:11:"orientation";i:0;}}]]></wp:meta_value>
		</wp:postmeta>
	</item>
	<item>
		<title>sample-5</title>
		<link>http://demo.studiopress.com/no-sidebar/road/sample-5/</link>
		<pubDate>Tue, 27 Oct 2015 02:43:05 +0000</pubDate>
		<dc:creator><![CDATA[admin]]></dc:creator>
		<guid isPermaLink="false">http://www.studiopress.com/images/no-sidebar/sample-5.jpg</guid>
		<description></description>
		<content:encoded><![CDATA[]]></content:encoded>
		<excerpt:encoded><![CDATA[]]></excerpt:encoded>
		<wp:post_id>45</wp:post_id>
		<wp:post_date>2015-10-27 02:43:05</wp:post_date>
		<wp:post_date_gmt>2015-10-27 02:43:05</wp:post_date_gmt>
		<wp:comment_status>open</wp:comment_status>
		<wp:ping_status>closed</wp:ping_status>
		<wp:post_name>sample-5</wp:post_name>
		<wp:status>inherit</wp:status>
		<wp:post_parent>44</wp:post_parent>
		<wp:menu_order>0</wp:menu_order>
		<wp:post_type>attachment</wp:post_type>
		<wp:post_password></wp:post_password>
		<wp:is_sticky>0</wp:is_sticky>
		<wp:attachment_url>http://www.studiopress.com/images/no-sidebar/sample-5.jpg</wp:attachment_url>
		<wp:postmeta>
			<wp:meta_key>_wp_attached_file</wp:meta_key>
			<wp:meta_value><![CDATA[2015/10/sample-5.jpg]]></wp:meta_value>
		</wp:postmeta>
		<wp:postmeta>
			<wp:meta_key>_wp_attachment_metadata</wp:meta_key>
			<wp:meta_value><![CDATA[a:5:{s:5:"width";i:1024;s:6:"height";i:576;s:4:"file";s:20:"2015/10/sample-5.jpg";s:5:"sizes";a:4:{s:9:"thumbnail";a:4:{s:4:"file";s:20:"sample-5-150x150.jpg";s:5:"width";i:150;s:6:"height";i:150;s:9:"mime-type";s:10:"image/jpeg";}s:6:"medium";a:4:{s:4:"file";s:20:"sample-5-300x169.jpg";s:5:"width";i:300;s:6:"height";i:169;s:9:"mime-type";s:10:"image/jpeg";}s:5:"large";a:4:{s:4:"file";s:21:"sample-5-1024x576.jpg";s:5:"width";i:1024;s:6:"height";i:576;s:9:"mime-type";s:10:"image/jpeg";}s:9:"ns-single";a:4:{s:4:"file";s:21:"sample-5-1024x400.jpg";s:5:"width";i:1024;s:6:"height";i:400;s:9:"mime-type";s:10:"image/jpeg";}}s:10:"image_meta";a:11:{s:8:"aperture";i:0;s:6:"credit";s:0:"";s:6:"camera";s:0:"";s:7:"caption";s:0:"";s:17:"created_timestamp";i:0;s:9:"copyright";s:0:"";s:12:"focal_length";i:0;s:3:"iso";i:0;s:13:"shutter_speed";i:0;s:5:"title";s:0:"";s:11:"orientation";i:0;}}]]></wp:meta_value>
		</wp:postmeta>
	</item>
	<item>
		<title>sample-6</title>
		<link>http://demo.studiopress.com/no-sidebar/living-space/sample-6/</link>
		<pubDate>Tue, 27 Oct 2015 02:48:36 +0000</pubDate>
		<dc:creator><![CDATA[admin]]></dc:creator>
		<guid isPermaLink="false">http://www.studiopress.com/images/no-sidebar/sample-6.jpg</guid>
		<description></description>
		<content:encoded><![CDATA[]]></content:encoded>
		<excerpt:encoded><![CDATA[]]></excerpt:encoded>
		<wp:post_id>53</wp:post_id>
		<wp:post_date>2015-10-27 02:48:36</wp:post_date>
		<wp:post_date_gmt>2015-10-27 02:48:36</wp:post_date_gmt>
		<wp:comment_status>open</wp:comment_status>
		<wp:ping_status>closed</wp:ping_status>
		<wp:post_name>sample-6</wp:post_name>
		<wp:status>inherit</wp:status>
		<wp:post_parent>47</wp:post_parent>
		<wp:menu_order>0</wp:menu_order>
		<wp:post_type>attachment</wp:post_type>
		<wp:post_password></wp:post_password>
		<wp:is_sticky>0</wp:is_sticky>
		<wp:attachment_url>http://www.studiopress.com/images/no-sidebar/sample-6.jpg</wp:attachment_url>
		<wp:postmeta>
			<wp:meta_key>_wp_attached_file</wp:meta_key>
			<wp:meta_value><![CDATA[2015/10/sample-6.jpg]]></wp:meta_value>
		</wp:postmeta>
		<wp:postmeta>
			<wp:meta_key>_wp_attachment_metadata</wp:meta_key>
			<wp:meta_value><![CDATA[a:5:{s:5:"width";i:1024;s:6:"height";i:576;s:4:"file";s:20:"2015/10/sample-6.jpg";s:5:"sizes";a:4:{s:9:"thumbnail";a:4:{s:4:"file";s:20:"sample-6-150x150.jpg";s:5:"width";i:150;s:6:"height";i:150;s:9:"mime-type";s:10:"image/jpeg";}s:6:"medium";a:4:{s:4:"file";s:20:"sample-6-300x169.jpg";s:5:"width";i:300;s:6:"height";i:169;s:9:"mime-type";s:10:"image/jpeg";}s:5:"large";a:4:{s:4:"file";s:21:"sample-6-1024x576.jpg";s:5:"width";i:1024;s:6:"height";i:576;s:9:"mime-type";s:10:"image/jpeg";}s:9:"ns-single";a:4:{s:4:"file";s:21:"sample-6-1024x400.jpg";s:5:"width";i:1024;s:6:"height";i:400;s:9:"mime-type";s:10:"image/jpeg";}}s:10:"image_meta";a:11:{s:8:"aperture";i:0;s:6:"credit";s:0:"";s:6:"camera";s:0:"";s:7:"caption";s:0:"";s:17:"created_timestamp";i:0;s:9:"copyright";s:0:"";s:12:"focal_length";i:0;s:3:"iso";i:0;s:13:"shutter_speed";i:0;s:5:"title";s:0:"";s:11:"orientation";i:0;}}]]></wp:meta_value>
		</wp:postmeta>
	</item>
	<item>
		<title>Author.</title>
		<link>http://demo.studiopress.com/no-sidebar/author/</link>
		<pubDate>Fri, 30 Oct 2015 16:51:43 +0000</pubDate>
		<dc:creator><![CDATA[bgardner]]></dc:creator>
		<guid isPermaLink="false">http://demo.studiopress.com/no-sidebar/author/</guid>
		<description></description>
		<content:encoded><![CDATA[]]></content:encoded>
		<excerpt:encoded><![CDATA[]]></excerpt:encoded>
		<wp:post_id>54</wp:post_id>
		<wp:post_date>2015-10-30 16:51:43</wp:post_date>
		<wp:post_date_gmt>2015-10-30 16:51:43</wp:post_date_gmt>
		<wp:comment_status>closed</wp:comment_status>
		<wp:ping_status>closed</wp:ping_status>
		<wp:post_name>author</wp:post_name>
		<wp:status>publish</wp:status>
		<wp:post_parent>0</wp:post_parent>
		<wp:menu_order>1</wp:menu_order>
		<wp:post_type>nav_menu_item</wp:post_type>
		<wp:post_password></wp:post_password>
		<wp:is_sticky>0</wp:is_sticky>
		<category domain="nav_menu" nicename="header-menu"><![CDATA[Header Menu]]></category>
		<wp:postmeta>
			<wp:meta_key>_menu_item_type</wp:meta_key>
			<wp:meta_value><![CDATA[custom]]></wp:meta_value>
		</wp:postmeta>
		<wp:postmeta>
			<wp:meta_key>_menu_item_menu_item_parent</wp:meta_key>
			<wp:meta_value><![CDATA[0]]></wp:meta_value>
		</wp:postmeta>
		<wp:postmeta>
			<wp:meta_key>_menu_item_object_id</wp:meta_key>
			<wp:meta_value><![CDATA[54]]></wp:meta_value>
		</wp:postmeta>
		<wp:postmeta>
			<wp:meta_key>_menu_item_object</wp:meta_key>
			<wp:meta_value><![CDATA[custom]]></wp:meta_value>
		</wp:postmeta>
		<wp:postmeta>
			<wp:meta_key>_menu_item_target</wp:meta_key>
			<wp:meta_value><![CDATA[]]></wp:meta_value>
		</wp:postmeta>
		<wp:postmeta>
			<wp:meta_key>_menu_item_classes</wp:meta_key>
			<wp:meta_value><![CDATA[a:1:{i:0;s:0:"";}]]></wp:meta_value>
		</wp:postmeta>
		<wp:postmeta>
			<wp:meta_key>_menu_item_xfn</wp:meta_key>
			<wp:meta_value><![CDATA[]]></wp:meta_value>
		</wp:postmeta>
		<wp:postmeta>
			<wp:meta_key>_menu_item_url</wp:meta_key>
			<wp:meta_value><![CDATA[http://demo.studiopress.com/no-sidebar/author/admin/]]></wp:meta_value>
		</wp:postmeta>
	</item>
	<item>
		<title>Dribbble.</title>
		<link>http://demo.studiopress.com/no-sidebar/dribbble/</link>
		<pubDate>Fri, 30 Oct 2015 16:51:43 +0000</pubDate>
		<dc:creator><![CDATA[bgardner]]></dc:creator>
		<guid isPermaLink="false">http://demo.studiopress.com/no-sidebar/dribbble/</guid>
		<description></description>
		<content:encoded><![CDATA[]]></content:encoded>
		<excerpt:encoded><![CDATA[]]></excerpt:encoded>
		<wp:post_id>55</wp:post_id>
		<wp:post_date>2015-10-30 16:51:43</wp:post_date>
		<wp:post_date_gmt>2015-10-30 16:51:43</wp:post_date_gmt>
		<wp:comment_status>closed</wp:comment_status>
		<wp:ping_status>closed</wp:ping_status>
		<wp:post_name>dribbble</wp:post_name>
		<wp:status>publish</wp:status>
		<wp:post_parent>0</wp:post_parent>
		<wp:menu_order>1</wp:menu_order>
		<wp:post_type>nav_menu_item</wp:post_type>
		<wp:post_password></wp:post_password>
		<wp:is_sticky>0</wp:is_sticky>
		<category domain="nav_menu" nicename="footer-menu"><![CDATA[Footer Menu]]></category>
		<wp:postmeta>
			<wp:meta_key>_menu_item_type</wp:meta_key>
			<wp:meta_value><![CDATA[custom]]></wp:meta_value>
		</wp:postmeta>
		<wp:postmeta>
			<wp:meta_key>_menu_item_menu_item_parent</wp:meta_key>
			<wp:meta_value><![CDATA[0]]></wp:meta_value>
		</wp:postmeta>
		<wp:postmeta>
			<wp:meta_key>_menu_item_object_id</wp:meta_key>
			<wp:meta_value><![CDATA[55]]></wp:meta_value>
		</wp:postmeta>
		<wp:postmeta>
			<wp:meta_key>_menu_item_object</wp:meta_key>
			<wp:meta_value><![CDATA[custom]]></wp:meta_value>
		</wp:postmeta>
		<wp:postmeta>
			<wp:meta_key>_menu_item_target</wp:meta_key>
			<wp:meta_value><![CDATA[]]></wp:meta_value>
		</wp:postmeta>
		<wp:postmeta>
			<wp:meta_key>_menu_item_classes</wp:meta_key>
			<wp:meta_value><![CDATA[a:1:{i:0;s:0:"";}]]></wp:meta_value>
		</wp:postmeta>
		<wp:postmeta>
			<wp:meta_key>_menu_item_xfn</wp:meta_key>
			<wp:meta_value><![CDATA[]]></wp:meta_value>
		</wp:postmeta>
		<wp:postmeta>
			<wp:meta_key>_menu_item_url</wp:meta_key>
			<wp:meta_value><![CDATA[#]]></wp:meta_value>
		</wp:postmeta>
	</item>
	<item>
		<title>Facebook.</title>
		<link>http://demo.studiopress.com/no-sidebar/facebook/</link>
		<pubDate>Fri, 30 Oct 2015 16:51:43 +0000</pubDate>
		<dc:creator><![CDATA[bgardner]]></dc:creator>
		<guid isPermaLink="false">http://demo.studiopress.com/no-sidebar/facebook/</guid>
		<description></description>
		<content:encoded><![CDATA[]]></content:encoded>
		<excerpt:encoded><![CDATA[]]></excerpt:encoded>
		<wp:post_id>56</wp:post_id>
		<wp:post_date>2015-10-30 16:51:43</wp:post_date>
		<wp:post_date_gmt>2015-10-30 16:51:43</wp:post_date_gmt>
		<wp:comment_status>closed</wp:comment_status>
		<wp:ping_status>closed</wp:ping_status>
		<wp:post_name>facebook</wp:post_name>
		<wp:status>publish</wp:status>
		<wp:post_parent>0</wp:post_parent>
		<wp:menu_order>2</wp:menu_order>
		<wp:post_type>nav_menu_item</wp:post_type>
		<wp:post_password></wp:post_password>
		<wp:is_sticky>0</wp:is_sticky>
		<category domain="nav_menu" nicename="footer-menu"><![CDATA[Footer Menu]]></category>
		<wp:postmeta>
			<wp:meta_key>_menu_item_type</wp:meta_key>
			<wp:meta_value><![CDATA[custom]]></wp:meta_value>
		</wp:postmeta>
		<wp:postmeta>
			<wp:meta_key>_menu_item_menu_item_parent</wp:meta_key>
			<wp:meta_value><![CDATA[0]]></wp:meta_value>
		</wp:postmeta>
		<wp:postmeta>
			<wp:meta_key>_menu_item_object_id</wp:meta_key>
			<wp:meta_value><![CDATA[56]]></wp:meta_value>
		</wp:postmeta>
		<wp:postmeta>
			<wp:meta_key>_menu_item_object</wp:meta_key>
			<wp:meta_value><![CDATA[custom]]></wp:meta_value>
		</wp:postmeta>
		<wp:postmeta>
			<wp:meta_key>_menu_item_target</wp:meta_key>
			<wp:meta_value><![CDATA[]]></wp:meta_value>
		</wp:postmeta>
		<wp:postmeta>
			<wp:meta_key>_menu_item_classes</wp:meta_key>
			<wp:meta_value><![CDATA[a:1:{i:0;s:0:"";}]]></wp:meta_value>
		</wp:postmeta>
		<wp:postmeta>
			<wp:meta_key>_menu_item_xfn</wp:meta_key>
			<wp:meta_value><![CDATA[]]></wp:meta_value>
		</wp:postmeta>
		<wp:postmeta>
			<wp:meta_key>_menu_item_url</wp:meta_key>
			<wp:meta_value><![CDATA[#]]></wp:meta_value>
		</wp:postmeta>
	</item>
	<item>
		<title>Instagram.</title>
		<link>http://demo.studiopress.com/no-sidebar/instagram/</link>
		<pubDate>Fri, 30 Oct 2015 16:51:43 +0000</pubDate>
		<dc:creator><![CDATA[bgardner]]></dc:creator>
		<guid isPermaLink="false">http://demo.studiopress.com/no-sidebar/instagram/</guid>
		<description></description>
		<content:encoded><![CDATA[]]></content:encoded>
		<excerpt:encoded><![CDATA[]]></excerpt:encoded>
		<wp:post_id>57</wp:post_id>
		<wp:post_date>2015-10-30 16:51:43</wp:post_date>
		<wp:post_date_gmt>2015-10-30 16:51:43</wp:post_date_gmt>
		<wp:comment_status>closed</wp:comment_status>
		<wp:ping_status>closed</wp:ping_status>
		<wp:post_name>instagram</wp:post_name>
		<wp:status>publish</wp:status>
		<wp:post_parent>0</wp:post_parent>
		<wp:menu_order>3</wp:menu_order>
		<wp:post_type>nav_menu_item</wp:post_type>
		<wp:post_password></wp:post_password>
		<wp:is_sticky>0</wp:is_sticky>
		<category domain="nav_menu" nicename="footer-menu"><![CDATA[Footer Menu]]></category>
		<wp:postmeta>
			<wp:meta_key>_menu_item_type</wp:meta_key>
			<wp:meta_value><![CDATA[custom]]></wp:meta_value>
		</wp:postmeta>
		<wp:postmeta>
			<wp:meta_key>_menu_item_menu_item_parent</wp:meta_key>
			<wp:meta_value><![CDATA[0]]></wp:meta_value>
		</wp:postmeta>
		<wp:postmeta>
			<wp:meta_key>_menu_item_object_id</wp:meta_key>
			<wp:meta_value><![CDATA[57]]></wp:meta_value>
		</wp:postmeta>
		<wp:postmeta>
			<wp:meta_key>_menu_item_object</wp:meta_key>
			<wp:meta_value><![CDATA[custom]]></wp:meta_value>
		</wp:postmeta>
		<wp:postmeta>
			<wp:meta_key>_menu_item_target</wp:meta_key>
			<wp:meta_value><![CDATA[]]></wp:meta_value>
		</wp:postmeta>
		<wp:postmeta>
			<wp:meta_key>_menu_item_classes</wp:meta_key>
			<wp:meta_value><![CDATA[a:1:{i:0;s:0:"";}]]></wp:meta_value>
		</wp:postmeta>
		<wp:postmeta>
			<wp:meta_key>_menu_item_xfn</wp:meta_key>
			<wp:meta_value><![CDATA[]]></wp:meta_value>
		</wp:postmeta>
		<wp:postmeta>
			<wp:meta_key>_menu_item_url</wp:meta_key>
			<wp:meta_value><![CDATA[http://instagram.com/bgardner]]></wp:meta_value>
		</wp:postmeta>
	</item>
	<item>
		<title>Pinterest.</title>
		<link>http://demo.studiopress.com/no-sidebar/pinterest/</link>
		<pubDate>Fri, 30 Oct 2015 16:51:43 +0000</pubDate>
		<dc:creator><![CDATA[bgardner]]></dc:creator>
		<guid isPermaLink="false">http://demo.studiopress.com/no-sidebar/pinterest/</guid>
		<description></description>
		<content:encoded><![CDATA[]]></content:encoded>
		<excerpt:encoded><![CDATA[]]></excerpt:encoded>
		<wp:post_id>58</wp:post_id>
		<wp:post_date>2015-10-30 16:51:43</wp:post_date>
		<wp:post_date_gmt>2015-10-30 16:51:43</wp:post_date_gmt>
		<wp:comment_status>closed</wp:comment_status>
		<wp:ping_status>closed</wp:ping_status>
		<wp:post_name>pinterest</wp:post_name>
		<wp:status>publish</wp:status>
		<wp:post_parent>0</wp:post_parent>
		<wp:menu_order>4</wp:menu_order>
		<wp:post_type>nav_menu_item</wp:post_type>
		<wp:post_password></wp:post_password>
		<wp:is_sticky>0</wp:is_sticky>
		<category domain="nav_menu" nicename="footer-menu"><![CDATA[Footer Menu]]></category>
		<wp:postmeta>
			<wp:meta_key>_menu_item_type</wp:meta_key>
			<wp:meta_value><![CDATA[custom]]></wp:meta_value>
		</wp:postmeta>
		<wp:postmeta>
			<wp:meta_key>_menu_item_menu_item_parent</wp:meta_key>
			<wp:meta_value><![CDATA[0]]></wp:meta_value>
		</wp:postmeta>
		<wp:postmeta>
			<wp:meta_key>_menu_item_object_id</wp:meta_key>
			<wp:meta_value><![CDATA[58]]></wp:meta_value>
		</wp:postmeta>
		<wp:postmeta>
			<wp:meta_key>_menu_item_object</wp:meta_key>
			<wp:meta_value><![CDATA[custom]]></wp:meta_value>
		</wp:postmeta>
		<wp:postmeta>
			<wp:meta_key>_menu_item_target</wp:meta_key>
			<wp:meta_value><![CDATA[]]></wp:meta_value>
		</wp:postmeta>
		<wp:postmeta>
			<wp:meta_key>_menu_item_classes</wp:meta_key>
			<wp:meta_value><![CDATA[a:1:{i:0;s:0:"";}]]></wp:meta_value>
		</wp:postmeta>
		<wp:postmeta>
			<wp:meta_key>_menu_item_xfn</wp:meta_key>
			<wp:meta_value><![CDATA[]]></wp:meta_value>
		</wp:postmeta>
		<wp:postmeta>
			<wp:meta_key>_menu_item_url</wp:meta_key>
			<wp:meta_value><![CDATA[#]]></wp:meta_value>
		</wp:postmeta>
	</item>
	<item>
		<title>Twitter.</title>
		<link>http://demo.studiopress.com/no-sidebar/twitter/</link>
		<pubDate>Fri, 30 Oct 2015 16:51:43 +0000</pubDate>
		<dc:creator><![CDATA[bgardner]]></dc:creator>
		<guid isPermaLink="false">http://demo.studiopress.com/no-sidebar/twitter/</guid>
		<description></description>
		<content:encoded><![CDATA[]]></content:encoded>
		<excerpt:encoded><![CDATA[]]></excerpt:encoded>
		<wp:post_id>59</wp:post_id>
		<wp:post_date>2015-10-30 16:51:43</wp:post_date>
		<wp:post_date_gmt>2015-10-30 16:51:43</wp:post_date_gmt>
		<wp:comment_status>closed</wp:comment_status>
		<wp:ping_status>closed</wp:ping_status>
		<wp:post_name>twitter</wp:post_name>
		<wp:status>publish</wp:status>
		<wp:post_parent>0</wp:post_parent>
		<wp:menu_order>5</wp:menu_order>
		<wp:post_type>nav_menu_item</wp:post_type>
		<wp:post_password></wp:post_password>
		<wp:is_sticky>0</wp:is_sticky>
		<category domain="nav_menu" nicename="footer-menu"><![CDATA[Footer Menu]]></category>
		<wp:postmeta>
			<wp:meta_key>_menu_item_type</wp:meta_key>
			<wp:meta_value><![CDATA[custom]]></wp:meta_value>
		</wp:postmeta>
		<wp:postmeta>
			<wp:meta_key>_menu_item_menu_item_parent</wp:meta_key>
			<wp:meta_value><![CDATA[0]]></wp:meta_value>
		</wp:postmeta>
		<wp:postmeta>
			<wp:meta_key>_menu_item_object_id</wp:meta_key>
			<wp:meta_value><![CDATA[59]]></wp:meta_value>
		</wp:postmeta>
		<wp:postmeta>
			<wp:meta_key>_menu_item_object</wp:meta_key>
			<wp:meta_value><![CDATA[custom]]></wp:meta_value>
		</wp:postmeta>
		<wp:postmeta>
			<wp:meta_key>_menu_item_target</wp:meta_key>
			<wp:meta_value><![CDATA[]]></wp:meta_value>
		</wp:postmeta>
		<wp:postmeta>
			<wp:meta_key>_menu_item_classes</wp:meta_key>
			<wp:meta_value><![CDATA[a:1:{i:0;s:0:"";}]]></wp:meta_value>
		</wp:postmeta>
		<wp:postmeta>
			<wp:meta_key>_menu_item_xfn</wp:meta_key>
			<wp:meta_value><![CDATA[]]></wp:meta_value>
		</wp:postmeta>
		<wp:postmeta>
			<wp:meta_key>_menu_item_url</wp:meta_key>
			<wp:meta_value><![CDATA[#]]></wp:meta_value>
		</wp:postmeta>
	</item>
	<item>
		<title>Contact.</title>
		<link>http://demo.studiopress.com/no-sidebar/contact/</link>
		<pubDate>Fri, 30 Oct 2015 16:51:43 +0000</pubDate>
		<dc:creator><![CDATA[bgardner]]></dc:creator>
		<guid isPermaLink="false">http://demo.studiopress.com/no-sidebar/contact/</guid>
		<description></description>
		<content:encoded><![CDATA[]]></content:encoded>
		<excerpt:encoded><![CDATA[]]></excerpt:encoded>
		<wp:post_id>141</wp:post_id>
		<wp:post_date>2015-10-30 16:51:43</wp:post_date>
		<wp:post_date_gmt>2015-10-30 16:51:43</wp:post_date_gmt>
		<wp:comment_status>closed</wp:comment_status>
		<wp:ping_status>closed</wp:ping_status>
		<wp:post_name>contact</wp:post_name>
		<wp:status>publish</wp:status>
		<wp:post_parent>0</wp:post_parent>
		<wp:menu_order>5</wp:menu_order>
		<wp:post_type>nav_menu_item</wp:post_type>
		<wp:post_password></wp:post_password>
		<wp:is_sticky>0</wp:is_sticky>
		<category domain="nav_menu" nicename="header-menu"><![CDATA[Header Menu]]></category>
		<wp:postmeta>
			<wp:meta_key>_menu_item_type</wp:meta_key>
			<wp:meta_value><![CDATA[post_type]]></wp:meta_value>
		</wp:postmeta>
		<wp:postmeta>
			<wp:meta_key>_menu_item_menu_item_parent</wp:meta_key>
			<wp:meta_value><![CDATA[0]]></wp:meta_value>
		</wp:postmeta>
		<wp:postmeta>
			<wp:meta_key>_menu_item_object_id</wp:meta_key>
			<wp:meta_value><![CDATA[14]]></wp:meta_value>
		</wp:postmeta>
		<wp:postmeta>
			<wp:meta_key>_menu_item_object</wp:meta_key>
			<wp:meta_value><![CDATA[page]]></wp:meta_value>
		</wp:postmeta>
		<wp:postmeta>
			<wp:meta_key>_menu_item_target</wp:meta_key>
			<wp:meta_value><![CDATA[]]></wp:meta_value>
		</wp:postmeta>
		<wp:postmeta>
			<wp:meta_key>_menu_item_classes</wp:meta_key>
			<wp:meta_value><![CDATA[a:1:{i:0;s:0:"";}]]></wp:meta_value>
		</wp:postmeta>
		<wp:postmeta>
			<wp:meta_key>_menu_item_xfn</wp:meta_key>
			<wp:meta_value><![CDATA[]]></wp:meta_value>
		</wp:postmeta>
		<wp:postmeta>
			<wp:meta_key>_menu_item_url</wp:meta_key>
			<wp:meta_value><![CDATA[]]></wp:meta_value>
		</wp:postmeta>
	</item>
	<item>
		<title>Contact</title>
		<link>http://demo.studiopress.com/no-sidebar/contact/</link>
		<pubDate>Mon, 26 Oct 2015 22:52:53 +0000</pubDate>
		<dc:creator><![CDATA[admin]]></dc:creator>
		<guid isPermaLink="false">http://themedemo.me/no-sidebr/?page_id=14</guid>
		<description></description>
		<content:encoded><![CDATA[Please fill out the form below and I will reply within 24 hours.

[ninja_forms_display_form id=1]

* This contact form was built with an open source plugin called <a href="http://ninjaforms.com/">Ninja Forms</a> which is free to use and comes highly recommend by StudioPress.]]></content:encoded>
		<excerpt:encoded><![CDATA[]]></excerpt:encoded>
		<wp:post_id>14</wp:post_id>
		<wp:post_date>2015-10-26 22:52:53</wp:post_date>
		<wp:post_date_gmt>2015-10-26 22:52:53</wp:post_date_gmt>
		<wp:comment_status>closed</wp:comment_status>
		<wp:ping_status>closed</wp:ping_status>
		<wp:post_name>contact</wp:post_name>
		<wp:status>publish</wp:status>
		<wp:post_parent>0</wp:post_parent>
		<wp:menu_order>0</wp:menu_order>
		<wp:post_type>page</wp:post_type>
		<wp:post_password></wp:post_password>
		<wp:is_sticky>0</wp:is_sticky>
		<wp:postmeta>
			<wp:meta_key>_edit_last</wp:meta_key>
			<wp:meta_value><![CDATA[1]]></wp:meta_value>
		</wp:postmeta>
		<wp:postmeta>
			<wp:meta_key>_wp_page_template</wp:meta_key>
			<wp:meta_value><![CDATA[default]]></wp:meta_value>
		</wp:postmeta>
		<wp:postmeta>
			<wp:meta_key>_genesis_title</wp:meta_key>
			<wp:meta_value><![CDATA[Contact - No Sidebar]]></wp:meta_value>
		</wp:postmeta>
	</item>
	<item>
		<title>Why Minimalism is a Better Way of Life</title>
		<link>http://demo.studiopress.com/no-sidebar/minimalism/</link>
		<pubDate>Tue, 27 Oct 2015 00:43:03 +0000</pubDate>
		<dc:creator><![CDATA[admin]]></dc:creator>
		<guid isPermaLink="false">http://themedemo.me/no-sidebar/?p=16</guid>
		<description></description>
		<content:encoded><![CDATA[<p class="intro">Featured image by <a href="http://www.simplemondays.com/">Ashley Schweitzer</a> and can be downloaded for FREE at <a href="http://minimography.com/">Minimography</a>.</p>

This is an example of a WordPress post, you could edit this to put information about yourself or your site so readers know where you are coming from. You can create as many posts as you like in order to share with your readers what is on your mind.

This is an example of a WordPress post, you could edit this to put information about yourself so readers know where you are coming from. You can create as many posts as you like to share with your readers what is on your mind. This is an example of a WordPress post, you could edit this to put information about yourself so readers know where you are coming from. You can create as many posts as you like to share with your readers.

<h4>This is a Sample Heading</h4>

This is an example of a WordPress post, you could edit this to put information about yourself or your site so readers know where you are coming from. You can create as many posts as you like in order to share with your readers what is on your mind.

This is an example of a WordPress post, you could edit this to put information about yourself so readers know where you are coming from. You can create as many posts as you like to share with your readers what is on your mind. This is an example of a WordPress post, you could edit this to put information about yourself so readers know where you are coming from. You can create as many posts as you like to share with your readers.]]></content:encoded>
		<excerpt:encoded><![CDATA[]]></excerpt:encoded>
		<wp:post_id>16</wp:post_id>
		<wp:post_date>2015-10-27 00:43:03</wp:post_date>
		<wp:post_date_gmt>2015-10-27 00:43:03</wp:post_date_gmt>
		<wp:comment_status>open</wp:comment_status>
		<wp:ping_status>open</wp:ping_status>
		<wp:post_name>minimalism</wp:post_name>
		<wp:status>publish</wp:status>
		<wp:post_parent>0</wp:post_parent>
		<wp:menu_order>0</wp:menu_order>
		<wp:post_type>post</wp:post_type>
		<wp:post_password></wp:post_password>
		<wp:is_sticky>0</wp:is_sticky>
		<category domain="category" nicename="journal"><![CDATA[Journal]]></category>
		<wp:postmeta>
			<wp:meta_key>_edit_last</wp:meta_key>
			<wp:meta_value><![CDATA[1]]></wp:meta_value>
		</wp:postmeta>
		<wp:postmeta>
			<wp:meta_key>_wp_old_slug</wp:meta_key>
			<wp:meta_value><![CDATA[this-is-a-sample-post-with-comments]]></wp:meta_value>
		</wp:postmeta>
		<wp:postmeta>
			<wp:meta_key>_wp_old_slug</wp:meta_key>
			<wp:meta_value><![CDATA[post-with-comments]]></wp:meta_value>
		</wp:postmeta>
		<wp:postmeta>
			<wp:meta_key>_thumbnail_id</wp:meta_key>
			<wp:meta_value><![CDATA[34]]></wp:meta_value>
		</wp:postmeta>
		<wp:postmeta>
			<wp:meta_key>_wp_old_slug</wp:meta_key>
			<wp:meta_value><![CDATA[comments]]></wp:meta_value>
		</wp:postmeta>
		<wp:postmeta>
			<wp:meta_key>_wp_old_slug</wp:meta_key>
			<wp:meta_value><![CDATA[simple-living]]></wp:meta_value>
		</wp:postmeta>
	</item>
	<item>
		<title>Keeping it Simple</title>
		<link>http://demo.studiopress.com/no-sidebar/simple/</link>
		<pubDate>Tue, 27 Oct 2015 00:32:45 +0000</pubDate>
		<dc:creator><![CDATA[admin]]></dc:creator>
		<guid isPermaLink="false">http://themedemo.me/no-sidebar/?p=24</guid>
		<description></description>
		<content:encoded><![CDATA[<p class="intro">Featured image by <a href="http://www.simplemondays.com/">Ashley Schweitzer</a> and can be downloaded for FREE at <a href="http://minimography.com/">Minimography</a>.</p>

This is an example of a WordPress post, you could edit this to put information about yourself or your site so readers know where you are coming from. You can create as many posts as you like in order to share with your readers what is on your mind.

This is an example of a WordPress post, you could edit this to put information about yourself so readers know where you are coming from. You can create as many posts as you like to share with your readers what is on your mind. This is an example of a WordPress post, you could edit this to put information about yourself so readers know where you are coming from. You can create as many posts as you like to share with your readers.

<h4>This is a Sample Heading</h4>

This is an example of a WordPress post, you could edit this to put information about yourself or your site so readers know where you are coming from. You can create as many posts as you like in order to share with your readers what is on your mind.

This is an example of a WordPress post, you could edit this to put information about yourself so readers know where you are coming from. You can create as many posts as you like to share with your readers what is on your mind. This is an example of a WordPress post, you could edit this to put information about yourself so readers know where you are coming from. You can create as many posts as you like to share with your readers.]]></content:encoded>
		<excerpt:encoded><![CDATA[]]></excerpt:encoded>
		<wp:post_id>24</wp:post_id>
		<wp:post_date>2015-10-27 00:32:45</wp:post_date>
		<wp:post_date_gmt>2015-10-27 00:32:45</wp:post_date_gmt>
		<wp:comment_status>open</wp:comment_status>
		<wp:ping_status>open</wp:ping_status>
		<wp:post_name>simple</wp:post_name>
		<wp:status>publish</wp:status>
		<wp:post_parent>0</wp:post_parent>
		<wp:menu_order>0</wp:menu_order>
		<wp:post_type>post</wp:post_type>
		<wp:post_password></wp:post_password>
		<wp:is_sticky>0</wp:is_sticky>
		<category domain="category" nicename="journal"><![CDATA[Journal]]></category>
		<wp:postmeta>
			<wp:meta_key>_edit_last</wp:meta_key>
			<wp:meta_value><![CDATA[1]]></wp:meta_value>
		</wp:postmeta>
		<wp:postmeta>
			<wp:meta_key>_wp_old_slug</wp:meta_key>
			<wp:meta_value><![CDATA[post-with-fruit-and-stuff]]></wp:meta_value>
		</wp:postmeta>
		<wp:postmeta>
			<wp:meta_key>_thumbnail_id</wp:meta_key>
			<wp:meta_value><![CDATA[43]]></wp:meta_value>
		</wp:postmeta>
		<wp:postmeta>
			<wp:meta_key>_wp_old_slug</wp:meta_key>
			<wp:meta_value><![CDATA[fruit]]></wp:meta_value>
		</wp:postmeta>
	</item>
	<item>
		<title>A Professional Theme for Minimalists</title>
		<link>http://demo.studiopress.com/no-sidebar/theme/</link>
		<pubDate>Tue, 27 Oct 2015 01:33:22 +0000</pubDate>
		<dc:creator><![CDATA[admin]]></dc:creator>
		<guid isPermaLink="false">http://themedemo.me/no-sidebar/?p=27</guid>
		<description></description>
		<content:encoded><![CDATA[<p class="intro">Featured image by <a href="http://www.simplemondays.com/">Ashley Schweitzer</a> and can be downloaded for FREE at <a href="http://minimography.com/">Minimography</a>.</p>

This is an example of a WordPress post, you could edit this to put information about yourself or your site so readers know where you are coming from. You can create as many posts as you like in order to share with your readers what is on your mind.

This is an example of a WordPress post, you could edit this to put information about yourself so readers know where you are coming from. You can create as many posts as you like to share with your readers what is on your mind. This is an example of a WordPress post, you could edit this to put information about yourself so readers know where you are coming from. You can create as many posts as you like to share with your readers.

<h4>This is a Sample Heading</h4>

This is an example of a WordPress post, you could edit this to put information about yourself or your site so readers know where you are coming from. You can create as many posts as you like in order to share with your readers what is on your mind.

This is an example of a WordPress post, you could edit this to put information about yourself so readers know where you are coming from. You can create as many posts as you like to share with your readers what is on your mind. This is an example of a WordPress post, you could edit this to put information about yourself so readers know where you are coming from. You can create as many posts as you like to share with your readers.
]]></content:encoded>
		<excerpt:encoded><![CDATA[]]></excerpt:encoded>
		<wp:post_id>27</wp:post_id>
		<wp:post_date>2015-10-27 01:33:22</wp:post_date>
		<wp:post_date_gmt>2015-10-27 01:33:22</wp:post_date_gmt>
		<wp:comment_status>open</wp:comment_status>
		<wp:ping_status>open</wp:ping_status>
		<wp:post_name>theme</wp:post_name>
		<wp:status>publish</wp:status>
		<wp:post_parent>0</wp:post_parent>
		<wp:menu_order>0</wp:menu_order>
		<wp:post_type>post</wp:post_type>
		<wp:post_password></wp:post_password>
		<wp:is_sticky>0</wp:is_sticky>
		<category domain="category" nicename="journal"><![CDATA[Journal]]></category>
		<wp:postmeta>
			<wp:meta_key>_edit_last</wp:meta_key>
			<wp:meta_value><![CDATA[1]]></wp:meta_value>
		</wp:postmeta>
		<wp:postmeta>
			<wp:meta_key>_thumbnail_id</wp:meta_key>
			<wp:meta_value><![CDATA[28]]></wp:meta_value>
		</wp:postmeta>
		<wp:postmeta>
			<wp:meta_key>_wp_old_slug</wp:meta_key>
			<wp:meta_value><![CDATA[welcome]]></wp:meta_value>
		</wp:postmeta>
		<wp:comment>
			<wp:comment_id>2</wp:comment_id>
			<wp:comment_author><![CDATA[Brian Gardner]]></wp:comment_author>
			<wp:comment_author_email>bmg1227@gmail.com</wp:comment_author_email>
			<wp:comment_author_url>http://briangardner.com/</wp:comment_author_url>
			<wp:comment_author_IP>71.201.95.160</wp:comment_author_IP>
			<wp:comment_date>2015-10-27 16:48:32</wp:comment_date>
			<wp:comment_date_gmt>2015-10-27 16:48:32</wp:comment_date_gmt>
			<wp:comment_content><![CDATA[This is an example of a comment made on a post. You can either edit the comment, delete the comment or reply to the comment. Use this as a place to respond to the post or to share what you are thinking.]]></wp:comment_content>
			<wp:comment_approved>1</wp:comment_approved>
			<wp:comment_type></wp:comment_type>
			<wp:comment_parent>0</wp:comment_parent>
			<wp:comment_user_id>1</wp:comment_user_id>
			<wp:commentmeta>
				<wp:meta_key>akismet_error</wp:meta_key>
				<wp:meta_value><![CDATA[1445964512]]></wp:meta_value>
			</wp:commentmeta>
			<wp:commentmeta>
				<wp:meta_key>akismet_history</wp:meta_key>
				<wp:meta_value><![CDATA[a:4:{s:4:"time";d:1445964512.9938418865203857421875;s:5:"event";s:11:"check-error";s:4:"user";s:13:"Brian Gardner";s:4:"meta";a:1:{s:8:"response";s:7:"invalid";}}]]></wp:meta_value>
			</wp:commentmeta>
		</wp:comment>
		<wp:comment>
			<wp:comment_id>3</wp:comment_id>
			<wp:comment_author><![CDATA[Brian Gardner]]></wp:comment_author>
			<wp:comment_author_email>bmg1227@gmail.com</wp:comment_author_email>
			<wp:comment_author_url>http://briangardner.com/</wp:comment_author_url>
			<wp:comment_author_IP>71.201.95.160</wp:comment_author_IP>
			<wp:comment_date>2015-10-27 16:48:52</wp:comment_date>
			<wp:comment_date_gmt>2015-10-27 16:48:52</wp:comment_date_gmt>
			<wp:comment_content><![CDATA[This is an example of a nested threaded comment which is new in WordPress 2.7. This is where you can reply to a comment that was previously made, and visually makes reading comments to much easier.]]></wp:comment_content>
			<wp:comment_approved>1</wp:comment_approved>
			<wp:comment_type></wp:comment_type>
			<wp:comment_parent>2</wp:comment_parent>
			<wp:comment_user_id>1</wp:comment_user_id>
			<wp:commentmeta>
				<wp:meta_key>akismet_error</wp:meta_key>
				<wp:meta_value><![CDATA[1445964532]]></wp:meta_value>
			</wp:commentmeta>
			<wp:commentmeta>
				<wp:meta_key>akismet_history</wp:meta_key>
				<wp:meta_value><![CDATA[a:4:{s:4:"time";d:1445964532.5314099788665771484375;s:5:"event";s:11:"check-error";s:4:"user";s:13:"Brian Gardner";s:4:"meta";a:1:{s:8:"response";s:7:"invalid";}}]]></wp:meta_value>
			</wp:commentmeta>
		</wp:comment>
		<wp:comment>
			<wp:comment_id>4</wp:comment_id>
			<wp:comment_author><![CDATA[Brian Gardner]]></wp:comment_author>
			<wp:comment_author_email>bmg1227@gmail.com</wp:comment_author_email>
			<wp:comment_author_url>http://briangardner.com/</wp:comment_author_url>
			<wp:comment_author_IP>71.201.95.160</wp:comment_author_IP>
			<wp:comment_date>2015-10-27 16:48:59</wp:comment_date>
			<wp:comment_date_gmt>2015-10-27 16:48:59</wp:comment_date_gmt>
			<wp:comment_content><![CDATA[This is an example of a comment made on a post. You can either edit the comment, delete the comment or reply to the comment. Use this as a place to respond to the post or to share what you are thinking.]]></wp:comment_content>
			<wp:comment_approved>1</wp:comment_approved>
			<wp:comment_type></wp:comment_type>
			<wp:comment_parent>0</wp:comment_parent>
			<wp:comment_user_id>1</wp:comment_user_id>
			<wp:commentmeta>
				<wp:meta_key>akismet_error</wp:meta_key>
				<wp:meta_value><![CDATA[1445964539]]></wp:meta_value>
			</wp:commentmeta>
			<wp:commentmeta>
				<wp:meta_key>akismet_history</wp:meta_key>
				<wp:meta_value><![CDATA[a:4:{s:4:"time";d:1445964539.653914928436279296875;s:5:"event";s:11:"check-error";s:4:"user";s:13:"Brian Gardner";s:4:"meta";a:1:{s:8:"response";s:7:"invalid";}}]]></wp:meta_value>
			</wp:commentmeta>
		</wp:comment>
		<wp:comment>
			<wp:comment_id>5</wp:comment_id>
			<wp:comment_author><![CDATA[Brian Gardner]]></wp:comment_author>
			<wp:comment_author_email>bmg1227@gmail.com</wp:comment_author_email>
			<wp:comment_author_url>http://briangardner.com/</wp:comment_author_url>
			<wp:comment_author_IP>71.201.95.160</wp:comment_author_IP>
			<wp:comment_date>2015-10-27 16:49:12</wp:comment_date>
			<wp:comment_date_gmt>2015-10-27 16:49:12</wp:comment_date_gmt>
			<wp:comment_content><![CDATA[This is an example of a nested threaded comment which is new in WordPress 2.7. This is where you can reply to a comment that was previously made, and visually makes reading comments to much easier.]]></wp:comment_content>
			<wp:comment_approved>1</wp:comment_approved>
			<wp:comment_type></wp:comment_type>
			<wp:comment_parent>4</wp:comment_parent>
			<wp:comment_user_id>1</wp:comment_user_id>
			<wp:commentmeta>
				<wp:meta_key>akismet_error</wp:meta_key>
				<wp:meta_value><![CDATA[1445964552]]></wp:meta_value>
			</wp:commentmeta>
			<wp:commentmeta>
				<wp:meta_key>akismet_history</wp:meta_key>
				<wp:meta_value><![CDATA[a:4:{s:4:"time";d:1445964552.0158350467681884765625;s:5:"event";s:11:"check-error";s:4:"user";s:13:"Brian Gardner";s:4:"meta";a:1:{s:8:"response";s:7:"invalid";}}]]></wp:meta_value>
			</wp:commentmeta>
		</wp:comment>
		<wp:comment>
			<wp:comment_id>6</wp:comment_id>
			<wp:comment_author><![CDATA[Brian Gardner]]></wp:comment_author>
			<wp:comment_author_email>bmg1227@gmail.com</wp:comment_author_email>
			<wp:comment_author_url>http://briangardner.com/</wp:comment_author_url>
			<wp:comment_author_IP>71.201.95.160</wp:comment_author_IP>
			<wp:comment_date>2015-10-27 16:49:17</wp:comment_date>
			<wp:comment_date_gmt>2015-10-27 16:49:17</wp:comment_date_gmt>
			<wp:comment_content><![CDATA[This is an example of a nested threaded comment which is new in WordPress 2.7. This is where you can reply to a comment that was previously made, and visually makes reading comments to much easier.]]></wp:comment_content>
			<wp:comment_approved>1</wp:comment_approved>
			<wp:comment_type></wp:comment_type>
			<wp:comment_parent>5</wp:comment_parent>
			<wp:comment_user_id>1</wp:comment_user_id>
			<wp:commentmeta>
				<wp:meta_key>akismet_error</wp:meta_key>
				<wp:meta_value><![CDATA[1445964557]]></wp:meta_value>
			</wp:commentmeta>
			<wp:commentmeta>
				<wp:meta_key>akismet_history</wp:meta_key>
				<wp:meta_value><![CDATA[a:4:{s:4:"time";d:1445964557.108086109161376953125;s:5:"event";s:11:"check-error";s:4:"user";s:13:"Brian Gardner";s:4:"meta";a:1:{s:8:"response";s:7:"invalid";}}]]></wp:meta_value>
			</wp:commentmeta>
		</wp:comment>
		<wp:comment>
			<wp:comment_id>7</wp:comment_id>
			<wp:comment_author><![CDATA[Brian Gardner]]></wp:comment_author>
			<wp:comment_author_email>bmg1227@gmail.com</wp:comment_author_email>
			<wp:comment_author_url>http://briangardner.com/</wp:comment_author_url>
			<wp:comment_author_IP>71.201.95.160</wp:comment_author_IP>
			<wp:comment_date>2015-10-27 16:49:28</wp:comment_date>
			<wp:comment_date_gmt>2015-10-27 16:49:28</wp:comment_date_gmt>
			<wp:comment_content><![CDATA[This is an example of a comment made on a post. You can either edit the comment, delete the comment or reply to the comment. Use this as a place to respond to the post or to share what you are thinking.]]></wp:comment_content>
			<wp:comment_approved>1</wp:comment_approved>
			<wp:comment_type></wp:comment_type>
			<wp:comment_parent>0</wp:comment_parent>
			<wp:comment_user_id>1</wp:comment_user_id>
			<wp:commentmeta>
				<wp:meta_key>akismet_error</wp:meta_key>
				<wp:meta_value><![CDATA[1445964568]]></wp:meta_value>
			</wp:commentmeta>
			<wp:commentmeta>
				<wp:meta_key>akismet_history</wp:meta_key>
				<wp:meta_value><![CDATA[a:4:{s:4:"time";d:1445964568.340588092803955078125;s:5:"event";s:11:"check-error";s:4:"user";s:13:"Brian Gardner";s:4:"meta";a:1:{s:8:"response";s:7:"invalid";}}]]></wp:meta_value>
			</wp:commentmeta>
		</wp:comment>
	</item>
	<item>
		<title>How to Be Frugal with Your Finances</title>
		<link>http://demo.studiopress.com/no-sidebar/frugal/</link>
		<pubDate>Tue, 27 Oct 2015 00:31:51 +0000</pubDate>
		<dc:creator><![CDATA[admin]]></dc:creator>
		<guid isPermaLink="false">http://themedemo.me/no-sidebar/?p=37</guid>
		<description></description>
		<content:encoded><![CDATA[<p class="intro">Featured image by <a href="http://www.simplemondays.com/">Ashley Schweitzer</a> and can be downloaded for FREE at <a href="http://minimography.com/">Minimography</a>.</p>

This is an example of a WordPress post, you could edit this to put information about yourself or your site so readers know where you are coming from. You can create as many posts as you like in order to share with your readers what is on your mind.

This is an example of a WordPress post, you could edit this to put information about yourself so readers know where you are coming from. You can create as many posts as you like to share with your readers what is on your mind. This is an example of a WordPress post, you could edit this to put information about yourself so readers know where you are coming from. You can create as many posts as you like to share with your readers.

<h4>This is a Sample Heading</h4>

This is an example of a WordPress post, you could edit this to put information about yourself or your site so readers know where you are coming from. You can create as many posts as you like in order to share with your readers what is on your mind.

This is an example of a WordPress post, you could edit this to put information about yourself so readers know where you are coming from. You can create as many posts as you like to share with your readers what is on your mind. This is an example of a WordPress post, you could edit this to put information about yourself so readers know where you are coming from. You can create as many posts as you like to share with your readers.]]></content:encoded>
		<excerpt:encoded><![CDATA[]]></excerpt:encoded>
		<wp:post_id>37</wp:post_id>
		<wp:post_date>2015-10-27 00:31:51</wp:post_date>
		<wp:post_date_gmt>2015-10-27 00:31:51</wp:post_date_gmt>
		<wp:comment_status>open</wp:comment_status>
		<wp:ping_status>open</wp:ping_status>
		<wp:post_name>frugal</wp:post_name>
		<wp:status>publish</wp:status>
		<wp:post_parent>0</wp:post_parent>
		<wp:menu_order>0</wp:menu_order>
		<wp:post_type>post</wp:post_type>
		<wp:post_password></wp:post_password>
		<wp:is_sticky>0</wp:is_sticky>
		<category domain="category" nicename="journal"><![CDATA[Journal]]></category>
		<wp:postmeta>
			<wp:meta_key>_edit_last</wp:meta_key>
			<wp:meta_value><![CDATA[1]]></wp:meta_value>
		</wp:postmeta>
		<wp:postmeta>
			<wp:meta_key>_thumbnail_id</wp:meta_key>
			<wp:meta_value><![CDATA[38]]></wp:meta_value>
		</wp:postmeta>
		<wp:postmeta>
			<wp:meta_key>_wp_old_slug</wp:meta_key>
			<wp:meta_value><![CDATA[money]]></wp:meta_value>
		</wp:postmeta>
	</item>
	<item>
		<title>Minimalist Fashion</title>
		<link>http://demo.studiopress.com/no-sidebar/minimalist-fashion/</link>
		<pubDate>Tue, 27 Oct 2015 00:32:17 +0000</pubDate>
		<dc:creator><![CDATA[admin]]></dc:creator>
		<guid isPermaLink="false">http://themedemo.me/no-sidebar/?p=40</guid>
		<description></description>
		<content:encoded><![CDATA[<p class="intro">Featured image by <a href="http://www.simplemondays.com/">Ashley Schweitzer</a> and can be downloaded for FREE at <a href="http://minimography.com/">Minimography</a>.</p>

This is an example of a WordPress post, you could edit this to put information about yourself or your site so readers know where you are coming from. You can create as many posts as you like in order to share with your readers what is on your mind.

This is an example of a WordPress post, you could edit this to put information about yourself so readers know where you are coming from. You can create as many posts as you like to share with your readers what is on your mind. This is an example of a WordPress post, you could edit this to put information about yourself so readers know where you are coming from. You can create as many posts as you like to share with your readers.

<h4>This is a Sample Heading</h4>

This is an example of a WordPress post, you could edit this to put information about yourself or your site so readers know where you are coming from. You can create as many posts as you like in order to share with your readers what is on your mind.

This is an example of a WordPress post, you could edit this to put information about yourself so readers know where you are coming from. You can create as many posts as you like to share with your readers what is on your mind. This is an example of a WordPress post, you could edit this to put information about yourself so readers know where you are coming from. You can create as many posts as you like to share with your readers.]]></content:encoded>
		<excerpt:encoded><![CDATA[]]></excerpt:encoded>
		<wp:post_id>40</wp:post_id>
		<wp:post_date>2015-10-27 00:32:17</wp:post_date>
		<wp:post_date_gmt>2015-10-27 00:32:17</wp:post_date_gmt>
		<wp:comment_status>open</wp:comment_status>
		<wp:ping_status>open</wp:ping_status>
		<wp:post_name>minimalist-fashion</wp:post_name>
		<wp:status>publish</wp:status>
		<wp:post_parent>0</wp:post_parent>
		<wp:menu_order>0</wp:menu_order>
		<wp:post_type>post</wp:post_type>
		<wp:post_password></wp:post_password>
		<wp:is_sticky>0</wp:is_sticky>
		<category domain="category" nicename="journal"><![CDATA[Journal]]></category>
		<wp:postmeta>
			<wp:meta_key>_edit_last</wp:meta_key>
			<wp:meta_value><![CDATA[1]]></wp:meta_value>
		</wp:postmeta>
		<wp:postmeta>
			<wp:meta_key>_thumbnail_id</wp:meta_key>
			<wp:meta_value><![CDATA[41]]></wp:meta_value>
		</wp:postmeta>
		<wp:postmeta>
			<wp:meta_key>_wp_old_slug</wp:meta_key>
			<wp:meta_value><![CDATA[denim]]></wp:meta_value>
		</wp:postmeta>
	</item>
	<item>
		<title>The Road Not Taken</title>
		<link>http://demo.studiopress.com/no-sidebar/road/</link>
		<pubDate>Tue, 27 Oct 2015 00:29:15 +0000</pubDate>
		<dc:creator><![CDATA[admin]]></dc:creator>
		<guid isPermaLink="false">http://themedemo.me/no-sidebar/?p=44</guid>
		<description></description>
		<content:encoded><![CDATA[<p class="intro">Featured image by <a href="http://www.simplemondays.com/">Ashley Schweitzer</a> and can be downloaded for FREE at <a href="http://minimography.com/">Minimography</a>.</p>

This is an example of a WordPress post, you could edit this to put information about yourself or your site so readers know where you are coming from. You can create as many posts as you like in order to share with your readers what is on your mind.

This is an example of a WordPress post, you could edit this to put information about yourself so readers know where you are coming from. You can create as many posts as you like to share with your readers what is on your mind. This is an example of a WordPress post, you could edit this to put information about yourself so readers know where you are coming from. You can create as many posts as you like to share with your readers.

<h4>This is a Sample Heading</h4>

This is an example of a WordPress post, you could edit this to put information about yourself or your site so readers know where you are coming from. You can create as many posts as you like in order to share with your readers what is on your mind.

This is an example of a WordPress post, you could edit this to put information about yourself so readers know where you are coming from. You can create as many posts as you like to share with your readers what is on your mind. This is an example of a WordPress post, you could edit this to put information about yourself so readers know where you are coming from. You can create as many posts as you like to share with your readers.]]></content:encoded>
		<excerpt:encoded><![CDATA[]]></excerpt:encoded>
		<wp:post_id>44</wp:post_id>
		<wp:post_date>2015-10-27 00:29:15</wp:post_date>
		<wp:post_date_gmt>2015-10-27 00:29:15</wp:post_date_gmt>
		<wp:comment_status>open</wp:comment_status>
		<wp:ping_status>open</wp:ping_status>
		<wp:post_name>road</wp:post_name>
		<wp:status>publish</wp:status>
		<wp:post_parent>0</wp:post_parent>
		<wp:menu_order>0</wp:menu_order>
		<wp:post_type>post</wp:post_type>
		<wp:post_password></wp:post_password>
		<wp:is_sticky>0</wp:is_sticky>
		<category domain="category" nicename="journal"><![CDATA[Journal]]></category>
		<wp:postmeta>
			<wp:meta_key>_edit_last</wp:meta_key>
			<wp:meta_value><![CDATA[1]]></wp:meta_value>
		</wp:postmeta>
		<wp:postmeta>
			<wp:meta_key>_thumbnail_id</wp:meta_key>
			<wp:meta_value><![CDATA[45]]></wp:meta_value>
		</wp:postmeta>
		<wp:postmeta>
			<wp:meta_key>_wp_old_slug</wp:meta_key>
			<wp:meta_value><![CDATA[boots]]></wp:meta_value>
		</wp:postmeta>
		<wp:postmeta>
			<wp:meta_key>_wp_old_slug</wp:meta_key>
			<wp:meta_value><![CDATA[life]]></wp:meta_value>
		</wp:postmeta>
	</item>
	<item>
		<title>The Key to a Simple Living Space</title>
		<link>http://demo.studiopress.com/no-sidebar/living-space/</link>
		<pubDate>Tue, 27 Oct 2015 00:30:48 +0000</pubDate>
		<dc:creator><![CDATA[admin]]></dc:creator>
		<guid isPermaLink="false">http://themedemo.me/no-sidebar/?p=47</guid>
		<description></description>
		<content:encoded><![CDATA[<p class="intro">Featured image by <a href="http://www.simplemondays.com/">Ashley Schweitzer</a> and can be downloaded for FREE at <a href="http://minimography.com/">Minimography</a>.</p>

This is an example of a WordPress post, you could edit this to put information about yourself or your site so readers know where you are coming from. You can create as many posts as you like in order to share with your readers what is on your mind.

This is an example of a WordPress post, you could edit this to put information about yourself so readers know where you are coming from. You can create as many posts as you like to share with your readers what is on your mind. This is an example of a WordPress post, you could edit this to put information about yourself so readers know where you are coming from. You can create as many posts as you like to share with your readers.

<h4>This is a Sample Heading</h4>

This is an example of a WordPress post, you could edit this to put information about yourself or your site so readers know where you are coming from. You can create as many posts as you like in order to share with your readers what is on your mind.

This is an example of a WordPress post, you could edit this to put information about yourself so readers know where you are coming from. You can create as many posts as you like to share with your readers what is on your mind. This is an example of a WordPress post, you could edit this to put information about yourself so readers know where you are coming from. You can create as many posts as you like to share with your readers.]]></content:encoded>
		<excerpt:encoded><![CDATA[]]></excerpt:encoded>
		<wp:post_id>47</wp:post_id>
		<wp:post_date>2015-10-27 00:30:48</wp:post_date>
		<wp:post_date_gmt>2015-10-27 00:30:48</wp:post_date_gmt>
		<wp:comment_status>open</wp:comment_status>
		<wp:ping_status>open</wp:ping_status>
		<wp:post_name>living-space</wp:post_name>
		<wp:status>publish</wp:status>
		<wp:post_parent>0</wp:post_parent>
		<wp:menu_order>0</wp:menu_order>
		<wp:post_type>post</wp:post_type>
		<wp:post_password></wp:post_password>
		<wp:is_sticky>0</wp:is_sticky>
		<category domain="category" nicename="journal"><![CDATA[Journal]]></category>
		<wp:postmeta>
			<wp:meta_key>_edit_last</wp:meta_key>
			<wp:meta_value><![CDATA[1]]></wp:meta_value>
		</wp:postmeta>
		<wp:postmeta>
			<wp:meta_key>_wp_old_slug</wp:meta_key>
			<wp:meta_value><![CDATA[bottles]]></wp:meta_value>
		</wp:postmeta>
		<wp:postmeta>
			<wp:meta_key>_thumbnail_id</wp:meta_key>
			<wp:meta_value><![CDATA[53]]></wp:meta_value>
		</wp:postmeta>
		<wp:postmeta>
			<wp:meta_key>_wp_old_slug</wp:meta_key>
			<wp:meta_value><![CDATA[clocks]]></wp:meta_value>
		</wp:postmeta>
		<wp:postmeta>
			<wp:meta_key>_wp_old_slug</wp:meta_key>
			<wp:meta_value><![CDATA[table]]></wp:meta_value>
		</wp:postmeta>
		<wp:postmeta>
			<wp:meta_key>_wp_old_slug</wp:meta_key>
			<wp:meta_value><![CDATA[simply]]></wp:meta_value>
		</wp:postmeta>
	</item>
	<item>
		<title>Landing</title>
		<link>http://demo.studiopress.com/no-sidebar/landing/</link>
		<pubDate>Fri, 30 Oct 2015 01:44:55 +0000</pubDate>
		<dc:creator><![CDATA[admin]]></dc:creator>
		<guid isPermaLink="false">http://themedemo.me/no-sidebar/?page_id=140</guid>
		<description></description>
		<content:encoded><![CDATA[This is an example of a WordPress page, you could edit this to put information so readers know where you are coming from. You can create as many pages like this one or sub-pages as you like and manage all of your content inside of WordPress.

<h4>Reason #1 To Buy This Theme</h4>

This is an example of a WordPress page, you could edit this to put information so readers know where you are coming from. You can create as many pages like this one or sub-pages as you like and manage all of your content inside of WordPress. This is an example of a WordPress page, you could edit this to put information so readers know where you are coming from. You can create as many pages as you like and manage all of your content.

<h4>Reason #2 To Buy This Theme</h4>

This is an example of a WordPress page, you could edit this to put information so readers know where you are coming from. You can create as many pages like this one or sub-pages as you like and manage all of your content inside of WordPress. This is an example of a WordPress page, you could edit this to put information so readers know where you are coming from. You can create as many pages as you like and manage all of your content.

<h4>Reason #3 To Buy This Theme</h4>

This is an example of a WordPress page, you could edit this to put information so readers know where you are coming from. You can create as many pages like this one or sub-pages as you like and manage all of your content inside of WordPress. This is an example of a WordPress page, you could edit this to put information so readers know where you are coming from. You can create as many pages as you like and manage all of your content.]]></content:encoded>
		<excerpt:encoded><![CDATA[]]></excerpt:encoded>
		<wp:post_id>140</wp:post_id>
		<wp:post_date>2015-10-30 01:44:55</wp:post_date>
		<wp:post_date_gmt>2015-10-30 01:44:55</wp:post_date_gmt>
		<wp:comment_status>closed</wp:comment_status>
		<wp:ping_status>closed</wp:ping_status>
		<wp:post_name>landing</wp:post_name>
		<wp:status>publish</wp:status>
		<wp:post_parent>0</wp:post_parent>
		<wp:menu_order>0</wp:menu_order>
		<wp:post_type>page</wp:post_type>
		<wp:post_password></wp:post_password>
		<wp:is_sticky>0</wp:is_sticky>
		<wp:postmeta>
			<wp:meta_key>_edit_last</wp:meta_key>
			<wp:meta_value><![CDATA[1]]></wp:meta_value>
		</wp:postmeta>
		<wp:postmeta>
			<wp:meta_key>_wp_page_template</wp:meta_key>
			<wp:meta_value><![CDATA[page_landing.php]]></wp:meta_value>
		</wp:postmeta>
		<wp:postmeta>
			<wp:meta_key>_genesis_title</wp:meta_key>
			<wp:meta_value><![CDATA[Landing - No Sidebar]]></wp:meta_value>
		</wp:postmeta>
	</item>
</channel>
</rss>
