<?xml version="1.0" encoding="UTF-8" ?>
<!-- This is a WordPress eXtended RSS file generated by WordPress as an export of your site. -->
<!-- It contains information about your site's posts, pages, comments, categories, and other content. -->
<!-- You may use this file to transfer that content from one site to another. -->
<!-- This file is not intended to serve as a complete backup of your site. -->

<!-- To import this information into a WordPress site follow these steps: -->
<!-- 1. Log in to that site as an administrator. -->
<!-- 2. Go to Tools: Import in the WordPress admin panel. -->
<!-- 3. Install the "WordPress" importer from the list. -->
<!-- 4. Activate & Run Importer. -->
<!-- 5. Upload this file using the form provided on that page. -->
<!-- 6. You will first be asked to map the authors in this export file to users -->
<!--    on the site. For each author, you may choose to map to an -->
<!--    existing user on the site or to create a new user. -->
<!-- 7. WordPress will then import each of the posts, pages, comments, categories, etc. -->
<!--    contained in this file into your site. -->

<!-- generator="WordPress/4.9.8" created="2018-09-19 15:23" -->
<rss version="2.0"
	xmlns:excerpt="http://wordpress.org/export/1.2/excerpt/"
	xmlns:content="http://purl.org/rss/1.0/modules/content/"
	xmlns:wfw="http://wellformedweb.org/CommentAPI/"
	xmlns:dc="http://purl.org/dc/elements/1.1/"
	xmlns:wp="http://wordpress.org/export/1.2/"
>

<channel>
	<title>Breakthrough Pro</title>
	<link>https://demo.studiopress.com/breakthrough</link>
	<description>We create extraordinary customer experiences</description>
	<pubDate>Wed, 19 Sep 2018 15:23:52 +0000</pubDate>
	<language>en-US</language>
	<wp:wxr_version>1.2</wp:wxr_version>
	<wp:base_site_url>http://demo.studiopress.com/</wp:base_site_url>
	<wp:base_blog_url>https://demo.studiopress.com/breakthrough</wp:base_blog_url>

	<wp:author><wp:author_id>1</wp:author_id><wp:author_login><![CDATA[studioadmin]]></wp:author_login><wp:author_email><![CDATA[demo-comments@studiopress.com]]></wp:author_email><wp:author_display_name><![CDATA[Brian Gardner]]></wp:author_display_name><wp:author_first_name><![CDATA[Brian]]></wp:author_first_name><wp:author_last_name><![CDATA[Gardner]]></wp:author_last_name></wp:author>


	<generator>https://wordpress.org/?v=4.9.8</generator>
	<item>
		<title>Clothing</title>
		<link>https://demo.studiopress.com/breakthrough/portfolio/clothing/</link>
		<pubDate>Mon, 20 Aug 2018 14:45:04 +0000</pubDate>
		<dc:creator><![CDATA[admin]]></dc:creator>
		<guid isPermaLink="false">https://themetest.studiopress.com/breakthrough/?post_type=portfolio&#038;p=1693</guid>
		<description></description>
		<content:encoded><![CDATA[Lorem ipsum dolor sit amet, consectetur adipiscing elit. Quisque efficitur quam a sodales blandit. Aliquam massa turpis, ultricies non faucibus in, condimentum sit amet risus. Proin sollicitudin quis orci eu tincidunt. Nulla mattis sagittis metus, sit amet gravida libero sollicitudin at. Nunc dapibus purus id sem interdum, ut placerat felis volutpat. Pellentesque non leo imperdiet, posuere massa sit amet, porta nisi. Aenean ligula lacus, aliquet ut facilisis ac, vestibulum eget leo. Sed et cursus tellus. Suspendisse sit amet feugiat arcu. Sed facilisis orci nec metus pellentesque, at pharetra felis bibendum. Aliquam fermentum euismod mauris a lacinia. In libero augue, finibus sed dolor vitae, tincidunt luctus dui. Proin eleifend in orci a sagittis. Nunc a porttitor lectus. Nulla aliquam sagittis mauris ultricies condimentum.

Integer dignissim, mauris et feugiat sollicitudin, dolor enim vulputate metus, vitae egestas lorem tellus eget dui. Class aptent taciti sociosqu ad litora torquent per conubia nostra, per inceptos himenaeos. Pellentesque eu nulla arcu. Aenean ut tellus sodales, eleifend mi ut, semper turpis. Morbi consectetur venenatis purus id dictum. Donec eu odio convallis, accumsan ex hendrerit, lobortis nisi. Nulla congue, dolor sit amet imperdiet placerat, erat turpis maximus sem, sed fermentum urna tortor vel felis. Vivamus rhoncus ante ut justo rutrum sodales. Sed lorem risus, finibus vel porttitor nec, sagittis at nibh. Pellentesque habitant morbi tristique senectus et netus et malesuada fames ac turpis egestas. Proin quis placerat libero.]]></content:encoded>
		<excerpt:encoded><![CDATA[]]></excerpt:encoded>
		<wp:post_id>1693</wp:post_id>
		<wp:post_date><![CDATA[2018-08-20 14:45:04]]></wp:post_date>
		<wp:post_date_gmt><![CDATA[2018-08-20 14:45:04]]></wp:post_date_gmt>
		<wp:comment_status><![CDATA[closed]]></wp:comment_status>
		<wp:ping_status><![CDATA[open]]></wp:ping_status>
		<wp:post_name><![CDATA[clothing]]></wp:post_name>
		<wp:status><![CDATA[publish]]></wp:status>
		<wp:post_parent>0</wp:post_parent>
		<wp:menu_order>0</wp:menu_order>
		<wp:post_type><![CDATA[portfolio]]></wp:post_type>
		<wp:post_password><![CDATA[]]></wp:post_password>
		<wp:is_sticky>0</wp:is_sticky>
		<category domain="portfolio-type" nicename="advertising"><![CDATA[Advertising]]></category>
		<wp:postmeta>
			<wp:meta_key><![CDATA[_thumbnail_id]]></wp:meta_key>
			<wp:meta_value><![CDATA[1813]]></wp:meta_value>
		</wp:postmeta>
		<wp:postmeta>
			<wp:meta_key><![CDATA[_edit_last]]></wp:meta_key>
			<wp:meta_value><![CDATA[1]]></wp:meta_value>
		</wp:postmeta>
	</item>
	<item>
		<title>iMac Rocks</title>
		<link>https://demo.studiopress.com/breakthrough/portfolio/imac-rocks/</link>
		<pubDate>Mon, 20 Aug 2018 14:45:55 +0000</pubDate>
		<dc:creator><![CDATA[admin]]></dc:creator>
		<guid isPermaLink="false">https://themetest.studiopress.com/breakthrough/?post_type=portfolio&#038;p=1695</guid>
		<description></description>
		<content:encoded><![CDATA[Lorem ipsum dolor sit amet, consectetur adipiscing elit. Quisque efficitur quam a sodales blandit. Aliquam massa turpis, ultricies non faucibus in, condimentum sit amet risus. Proin sollicitudin quis orci eu tincidunt. Nulla mattis sagittis metus, sit amet gravida libero sollicitudin at. Nunc dapibus purus id sem interdum, ut placerat felis volutpat. Pellentesque non leo imperdiet, posuere massa sit amet, porta nisi. Aenean ligula lacus, aliquet ut facilisis ac, vestibulum eget leo. Sed et cursus tellus. Suspendisse sit amet feugiat arcu. Sed facilisis orci nec metus pellentesque, at pharetra felis bibendum. Aliquam fermentum euismod mauris a lacinia. In libero augue, finibus sed dolor vitae, tincidunt luctus dui. Proin eleifend in orci a sagittis. Nunc a porttitor lectus. Nulla aliquam sagittis mauris ultricies condimentum.

Integer dignissim, mauris et feugiat sollicitudin, dolor enim vulputate metus, vitae egestas lorem tellus eget dui. Class aptent taciti sociosqu ad litora torquent per conubia nostra, per inceptos himenaeos. Pellentesque eu nulla arcu. Aenean ut tellus sodales, eleifend mi ut, semper turpis. Morbi consectetur venenatis purus id dictum. Donec eu odio convallis, accumsan ex hendrerit, lobortis nisi. Nulla congue, dolor sit amet imperdiet placerat, erat turpis maximus sem, sed fermentum urna tortor vel felis. Vivamus rhoncus ante ut justo rutrum sodales. Sed lorem risus, finibus vel porttitor nec, sagittis at nibh. Pellentesque habitant morbi tristique senectus et netus et malesuada fames ac turpis egestas. Proin quis placerat libero.]]></content:encoded>
		<excerpt:encoded><![CDATA[]]></excerpt:encoded>
		<wp:post_id>1695</wp:post_id>
		<wp:post_date><![CDATA[2018-08-20 14:45:55]]></wp:post_date>
		<wp:post_date_gmt><![CDATA[2018-08-20 14:45:55]]></wp:post_date_gmt>
		<wp:comment_status><![CDATA[closed]]></wp:comment_status>
		<wp:ping_status><![CDATA[open]]></wp:ping_status>
		<wp:post_name><![CDATA[imac-rocks]]></wp:post_name>
		<wp:status><![CDATA[publish]]></wp:status>
		<wp:post_parent>0</wp:post_parent>
		<wp:menu_order>0</wp:menu_order>
		<wp:post_type><![CDATA[portfolio]]></wp:post_type>
		<wp:post_password><![CDATA[]]></wp:post_password>
		<wp:is_sticky>0</wp:is_sticky>
		<category domain="portfolio-type" nicename="branding"><![CDATA[Branding]]></category>
		<wp:postmeta>
			<wp:meta_key><![CDATA[_thumbnail_id]]></wp:meta_key>
			<wp:meta_value><![CDATA[1801]]></wp:meta_value>
		</wp:postmeta>
	</item>
	<item>
		<title>Notepad Project</title>
		<link>https://demo.studiopress.com/breakthrough/portfolio/notepad-project/</link>
		<pubDate>Mon, 20 Aug 2018 14:47:32 +0000</pubDate>
		<dc:creator><![CDATA[admin]]></dc:creator>
		<guid isPermaLink="false">https://themetest.studiopress.com/breakthrough/?post_type=portfolio&#038;p=1697</guid>
		<description></description>
		<content:encoded><![CDATA[Lorem ipsum dolor sit amet, consectetur adipiscing elit. Quisque efficitur quam a sodales blandit. Aliquam massa turpis, ultricies non faucibus in, condimentum sit amet risus. Proin sollicitudin quis orci eu tincidunt. Nulla mattis sagittis metus, sit amet gravida libero sollicitudin at. Nunc dapibus purus id sem interdum, ut placerat felis volutpat. Pellentesque non leo imperdiet, posuere massa sit amet, porta nisi. Aenean ligula lacus, aliquet ut facilisis ac, vestibulum eget leo. Sed et cursus tellus. Suspendisse sit amet feugiat arcu. Sed facilisis orci nec metus pellentesque, at pharetra felis bibendum. Aliquam fermentum euismod mauris a lacinia. In libero augue, finibus sed dolor vitae, tincidunt luctus dui. Proin eleifend in orci a sagittis. Nunc a porttitor lectus. Nulla aliquam sagittis mauris ultricies condimentum.

Integer dignissim, mauris et feugiat sollicitudin, dolor enim vulputate metus, vitae egestas lorem tellus eget dui. Class aptent taciti sociosqu ad litora torquent per conubia nostra, per inceptos himenaeos. Pellentesque eu nulla arcu. Aenean ut tellus sodales, eleifend mi ut, semper turpis. Morbi consectetur venenatis purus id dictum. Donec eu odio convallis, accumsan ex hendrerit, lobortis nisi. Nulla congue, dolor sit amet imperdiet placerat, erat turpis maximus sem, sed fermentum urna tortor vel felis. Vivamus rhoncus ante ut justo rutrum sodales. Sed lorem risus, finibus vel porttitor nec, sagittis at nibh. Pellentesque habitant morbi tristique senectus et netus et malesuada fames ac turpis egestas. Proin quis placerat libero.]]></content:encoded>
		<excerpt:encoded><![CDATA[]]></excerpt:encoded>
		<wp:post_id>1697</wp:post_id>
		<wp:post_date><![CDATA[2018-08-20 14:47:32]]></wp:post_date>
		<wp:post_date_gmt><![CDATA[2018-08-20 14:47:32]]></wp:post_date_gmt>
		<wp:comment_status><![CDATA[closed]]></wp:comment_status>
		<wp:ping_status><![CDATA[open]]></wp:ping_status>
		<wp:post_name><![CDATA[notepad-project]]></wp:post_name>
		<wp:status><![CDATA[publish]]></wp:status>
		<wp:post_parent>0</wp:post_parent>
		<wp:menu_order>0</wp:menu_order>
		<wp:post_type><![CDATA[portfolio]]></wp:post_type>
		<wp:post_password><![CDATA[]]></wp:post_password>
		<wp:is_sticky>0</wp:is_sticky>
		<category domain="portfolio-type" nicename="copywriting"><![CDATA[Copywriting]]></category>
		<wp:postmeta>
			<wp:meta_key><![CDATA[_thumbnail_id]]></wp:meta_key>
			<wp:meta_value><![CDATA[1812]]></wp:meta_value>
		</wp:postmeta>
		<wp:postmeta>
			<wp:meta_key><![CDATA[_edit_last]]></wp:meta_key>
			<wp:meta_value><![CDATA[1]]></wp:meta_value>
		</wp:postmeta>
	</item>
	<item>
		<title>The Grounds</title>
		<link>https://demo.studiopress.com/breakthrough/portfolio/the-grounds/</link>
		<pubDate>Mon, 20 Aug 2018 14:48:21 +0000</pubDate>
		<dc:creator><![CDATA[admin]]></dc:creator>
		<guid isPermaLink="false">https://themetest.studiopress.com/breakthrough/?post_type=portfolio&#038;p=1699</guid>
		<description></description>
		<content:encoded><![CDATA[Lorem ipsum dolor sit amet, consectetur adipiscing elit. Quisque efficitur quam a sodales blandit. Aliquam massa turpis, ultricies non faucibus in, condimentum sit amet risus. Proin sollicitudin quis orci eu tincidunt. Nulla mattis sagittis metus, sit amet gravida libero sollicitudin at. Nunc dapibus purus id sem interdum, ut placerat felis volutpat. Pellentesque non leo imperdiet, posuere massa sit amet, porta nisi. Aenean ligula lacus, aliquet ut facilisis ac, vestibulum eget leo. Sed et cursus tellus. Suspendisse sit amet feugiat arcu. Sed facilisis orci nec metus pellentesque, at pharetra felis bibendum. Aliquam fermentum euismod mauris a lacinia. In libero augue, finibus sed dolor vitae, tincidunt luctus dui. Proin eleifend in orci a sagittis. Nunc a porttitor lectus. Nulla aliquam sagittis mauris ultricies condimentum.

Integer dignissim, mauris et feugiat sollicitudin, dolor enim vulputate metus, vitae egestas lorem tellus eget dui. Class aptent taciti sociosqu ad litora torquent per conubia nostra, per inceptos himenaeos. Pellentesque eu nulla arcu. Aenean ut tellus sodales, eleifend mi ut, semper turpis. Morbi consectetur venenatis purus id dictum. Donec eu odio convallis, accumsan ex hendrerit, lobortis nisi. Nulla congue, dolor sit amet imperdiet placerat, erat turpis maximus sem, sed fermentum urna tortor vel felis. Vivamus rhoncus ante ut justo rutrum sodales. Sed lorem risus, finibus vel porttitor nec, sagittis at nibh. Pellentesque habitant morbi tristique senectus et netus et malesuada fames ac turpis egestas. Proin quis placerat libero.]]></content:encoded>
		<excerpt:encoded><![CDATA[]]></excerpt:encoded>
		<wp:post_id>1699</wp:post_id>
		<wp:post_date><![CDATA[2018-08-20 14:48:21]]></wp:post_date>
		<wp:post_date_gmt><![CDATA[2018-08-20 14:48:21]]></wp:post_date_gmt>
		<wp:comment_status><![CDATA[closed]]></wp:comment_status>
		<wp:ping_status><![CDATA[open]]></wp:ping_status>
		<wp:post_name><![CDATA[the-grounds]]></wp:post_name>
		<wp:status><![CDATA[publish]]></wp:status>
		<wp:post_parent>0</wp:post_parent>
		<wp:menu_order>0</wp:menu_order>
		<wp:post_type><![CDATA[portfolio]]></wp:post_type>
		<wp:post_password><![CDATA[]]></wp:post_password>
		<wp:is_sticky>0</wp:is_sticky>
		<category domain="portfolio-type" nicename="design"><![CDATA[Design]]></category>
		<wp:postmeta>
			<wp:meta_key><![CDATA[_thumbnail_id]]></wp:meta_key>
			<wp:meta_value><![CDATA[1804]]></wp:meta_value>
		</wp:postmeta>
	</item>
	<item>
		<title>Day Care</title>
		<link>https://demo.studiopress.com/breakthrough/portfolio/day-care/</link>
		<pubDate>Mon, 20 Aug 2018 14:49:31 +0000</pubDate>
		<dc:creator><![CDATA[admin]]></dc:creator>
		<guid isPermaLink="false">https://themetest.studiopress.com/breakthrough/?post_type=portfolio&#038;p=1701</guid>
		<description></description>
		<content:encoded><![CDATA[Lorem ipsum dolor sit amet, consectetur adipiscing elit. Quisque efficitur quam a sodales blandit. Aliquam massa turpis, ultricies non faucibus in, condimentum sit amet risus. Proin sollicitudin quis orci eu tincidunt. Nulla mattis sagittis metus, sit amet gravida libero sollicitudin at. Nunc dapibus purus id sem interdum, ut placerat felis volutpat. Pellentesque non leo imperdiet, posuere massa sit amet, porta nisi. Aenean ligula lacus, aliquet ut facilisis ac, vestibulum eget leo. Sed et cursus tellus. Suspendisse sit amet feugiat arcu. Sed facilisis orci nec metus pellentesque, at pharetra felis bibendum. Aliquam fermentum euismod mauris a lacinia. In libero augue, finibus sed dolor vitae, tincidunt luctus dui. Proin eleifend in orci a sagittis. Nunc a porttitor lectus. Nulla aliquam sagittis mauris ultricies condimentum.

Integer dignissim, mauris et feugiat sollicitudin, dolor enim vulputate metus, vitae egestas lorem tellus eget dui. Class aptent taciti sociosqu ad litora torquent per conubia nostra, per inceptos himenaeos. Pellentesque eu nulla arcu. Aenean ut tellus sodales, eleifend mi ut, semper turpis. Morbi consectetur venenatis purus id dictum. Donec eu odio convallis, accumsan ex hendrerit, lobortis nisi. Nulla congue, dolor sit amet imperdiet placerat, erat turpis maximus sem, sed fermentum urna tortor vel felis. Vivamus rhoncus ante ut justo rutrum sodales. Sed lorem risus, finibus vel porttitor nec, sagittis at nibh. Pellentesque habitant morbi tristique senectus et netus et malesuada fames ac turpis egestas. Proin quis placerat libero.]]></content:encoded>
		<excerpt:encoded><![CDATA[]]></excerpt:encoded>
		<wp:post_id>1701</wp:post_id>
		<wp:post_date><![CDATA[2018-08-20 14:49:31]]></wp:post_date>
		<wp:post_date_gmt><![CDATA[2018-08-20 14:49:31]]></wp:post_date_gmt>
		<wp:comment_status><![CDATA[closed]]></wp:comment_status>
		<wp:ping_status><![CDATA[open]]></wp:ping_status>
		<wp:post_name><![CDATA[day-care]]></wp:post_name>
		<wp:status><![CDATA[publish]]></wp:status>
		<wp:post_parent>0</wp:post_parent>
		<wp:menu_order>0</wp:menu_order>
		<wp:post_type><![CDATA[portfolio]]></wp:post_type>
		<wp:post_password><![CDATA[]]></wp:post_password>
		<wp:is_sticky>0</wp:is_sticky>
		<category domain="portfolio-type" nicename="marketing"><![CDATA[Marketing]]></category>
		<wp:postmeta>
			<wp:meta_key><![CDATA[_thumbnail_id]]></wp:meta_key>
			<wp:meta_value><![CDATA[1788]]></wp:meta_value>
		</wp:postmeta>
	</item>
	<item>
		<title>Millennials</title>
		<link>https://demo.studiopress.com/breakthrough/portfolio/millennials/</link>
		<pubDate>Mon, 20 Aug 2018 14:50:42 +0000</pubDate>
		<dc:creator><![CDATA[admin]]></dc:creator>
		<guid isPermaLink="false">https://themetest.studiopress.com/breakthrough/?post_type=portfolio&#038;p=1703</guid>
		<description></description>
		<content:encoded><![CDATA[Lorem ipsum dolor sit amet, consectetur adipiscing elit. Quisque efficitur quam a sodales blandit. Aliquam massa turpis, ultricies non faucibus in, condimentum sit amet risus. Proin sollicitudin quis orci eu tincidunt. Nulla mattis sagittis metus, sit amet gravida libero sollicitudin at. Nunc dapibus purus id sem interdum, ut placerat felis volutpat. Pellentesque non leo imperdiet, posuere massa sit amet, porta nisi. Aenean ligula lacus, aliquet ut facilisis ac, vestibulum eget leo. Sed et cursus tellus. Suspendisse sit amet feugiat arcu. Sed facilisis orci nec metus pellentesque, at pharetra felis bibendum. Aliquam fermentum euismod mauris a lacinia. In libero augue, finibus sed dolor vitae, tincidunt luctus dui. Proin eleifend in orci a sagittis. Nunc a porttitor lectus. Nulla aliquam sagittis mauris ultricies condimentum.

Integer dignissim, mauris et feugiat sollicitudin, dolor enim vulputate metus, vitae egestas lorem tellus eget dui. Class aptent taciti sociosqu ad litora torquent per conubia nostra, per inceptos himenaeos. Pellentesque eu nulla arcu. Aenean ut tellus sodales, eleifend mi ut, semper turpis. Morbi consectetur venenatis purus id dictum. Donec eu odio convallis, accumsan ex hendrerit, lobortis nisi. Nulla congue, dolor sit amet imperdiet placerat, erat turpis maximus sem, sed fermentum urna tortor vel felis. Vivamus rhoncus ante ut justo rutrum sodales. Sed lorem risus, finibus vel porttitor nec, sagittis at nibh. Pellentesque habitant morbi tristique senectus et netus et malesuada fames ac turpis egestas. Proin quis placerat libero.]]></content:encoded>
		<excerpt:encoded><![CDATA[]]></excerpt:encoded>
		<wp:post_id>1703</wp:post_id>
		<wp:post_date><![CDATA[2018-08-20 14:50:42]]></wp:post_date>
		<wp:post_date_gmt><![CDATA[2018-08-20 14:50:42]]></wp:post_date_gmt>
		<wp:comment_status><![CDATA[closed]]></wp:comment_status>
		<wp:ping_status><![CDATA[open]]></wp:ping_status>
		<wp:post_name><![CDATA[millennials]]></wp:post_name>
		<wp:status><![CDATA[publish]]></wp:status>
		<wp:post_parent>0</wp:post_parent>
		<wp:menu_order>0</wp:menu_order>
		<wp:post_type><![CDATA[portfolio]]></wp:post_type>
		<wp:post_password><![CDATA[]]></wp:post_password>
		<wp:is_sticky>0</wp:is_sticky>
		<category domain="portfolio-type" nicename="advertising"><![CDATA[Advertising]]></category>
		<wp:postmeta>
			<wp:meta_key><![CDATA[_thumbnail_id]]></wp:meta_key>
			<wp:meta_value><![CDATA[1803]]></wp:meta_value>
		</wp:postmeta>
	</item>
	<item>
		<title>simple-desk</title>
		<link>https://demo.studiopress.com/breakthrough/simple-desk/</link>
		<pubDate>Sat, 01 Sep 2018 19:43:41 +0000</pubDate>
		<dc:creator><![CDATA[jbaumann]]></dc:creator>
		<guid isPermaLink="false">https://www.studiopress.com/images/breakthrough-pro/simple-desk.jpg</guid>
		<description></description>
		<content:encoded><![CDATA[]]></content:encoded>
		<excerpt:encoded><![CDATA[]]></excerpt:encoded>
		<wp:post_id>1801</wp:post_id>
		<wp:post_date><![CDATA[2018-09-01 19:43:41]]></wp:post_date>
		<wp:post_date_gmt><![CDATA[2018-09-01 19:43:41]]></wp:post_date_gmt>
		<wp:comment_status><![CDATA[open]]></wp:comment_status>
		<wp:ping_status><![CDATA[closed]]></wp:ping_status>
		<wp:post_name><![CDATA[simple-desk]]></wp:post_name>
		<wp:status><![CDATA[inherit]]></wp:status>
		<wp:post_parent>0</wp:post_parent>
		<wp:menu_order>0</wp:menu_order>
		<wp:post_type><![CDATA[attachment]]></wp:post_type>
		<wp:post_password><![CDATA[]]></wp:post_password>
		<wp:is_sticky>0</wp:is_sticky>
		<wp:attachment_url><![CDATA[https://www.studiopress.com/images/breakthrough-pro/simple-desk.jpg]]></wp:attachment_url>
		<wp:postmeta>
			<wp:meta_key><![CDATA[_wp_attached_file]]></wp:meta_key>
			<wp:meta_value><![CDATA[2018/08/simple-desk.jpg]]></wp:meta_value>
		</wp:postmeta>
		<wp:postmeta>
			<wp:meta_key><![CDATA[_wp_attachment_metadata]]></wp:meta_key>
			<wp:meta_value><![CDATA[a:5:{s:5:"width";i:1600;s:6:"height";i:1067;s:4:"file";s:23:"2018/08/simple-desk.jpg";s:5:"sizes";a:15:{s:12:"header-image";a:4:{s:4:"file";s:24:"simple-desk-1600x420.jpg";s:5:"width";i:1600;s:6:"height";i:420;s:9:"mime-type";s:10:"image/jpeg";}s:14:"featured-image";a:4:{s:4:"file";s:23:"simple-desk-800x440.jpg";s:5:"width";i:800;s:6:"height";i:440;s:9:"mime-type";s:10:"image/jpeg";}s:9:"portfolio";a:4:{s:4:"file";s:23:"simple-desk-510x650.jpg";s:5:"width";i:510;s:6:"height";i:650;s:9:"mime-type";s:10:"image/jpeg";}s:11:"front-about";a:4:{s:4:"file";s:23:"simple-desk-590x390.jpg";s:5:"width";i:590;s:6:"height";i:390;s:9:"mime-type";s:10:"image/jpeg";}s:21:"woocommerce_thumbnail";a:5:{s:4:"file";s:23:"simple-desk-500x500.jpg";s:5:"width";i:500;s:6:"height";i:500;s:9:"mime-type";s:10:"image/jpeg";s:9:"uncropped";b:1;}s:18:"woocommerce_single";a:4:{s:4:"file";s:23:"simple-desk-660x440.jpg";s:5:"width";i:660;s:6:"height";i:440;s:9:"mime-type";s:10:"image/jpeg";}s:29:"woocommerce_gallery_thumbnail";a:4:{s:4:"file";s:23:"simple-desk-180x180.jpg";s:5:"width";i:180;s:6:"height";i:180;s:9:"mime-type";s:10:"image/jpeg";}s:12:"shop_catalog";a:4:{s:4:"file";s:23:"simple-desk-500x500.jpg";s:5:"width";i:500;s:6:"height";i:500;s:9:"mime-type";s:10:"image/jpeg";}s:11:"shop_single";a:4:{s:4:"file";s:23:"simple-desk-660x440.jpg";s:5:"width";i:660;s:6:"height";i:440;s:9:"mime-type";s:10:"image/jpeg";}s:14:"shop_thumbnail";a:4:{s:4:"file";s:23:"simple-desk-180x180.jpg";s:5:"width";i:180;s:6:"height";i:180;s:9:"mime-type";s:10:"image/jpeg";}s:9:"thumbnail";a:4:{s:4:"file";s:23:"simple-desk-150x150.jpg";s:5:"width";i:150;s:6:"height";i:150;s:9:"mime-type";s:10:"image/jpeg";}s:6:"medium";a:4:{s:4:"file";s:23:"simple-desk-300x200.jpg";s:5:"width";i:300;s:6:"height";i:200;s:9:"mime-type";s:10:"image/jpeg";}s:12:"medium_large";a:4:{s:4:"file";s:23:"simple-desk-768x512.jpg";s:5:"width";i:768;s:6:"height";i:512;s:9:"mime-type";s:10:"image/jpeg";}s:5:"large";a:4:{s:4:"file";s:24:"simple-desk-1024x683.jpg";s:5:"width";i:1024;s:6:"height";i:683;s:9:"mime-type";s:10:"image/jpeg";}s:32:"twentyseventeen-thumbnail-avatar";a:4:{s:4:"file";s:23:"simple-desk-100x100.jpg";s:5:"width";i:100;s:6:"height";i:100;s:9:"mime-type";s:10:"image/jpeg";}}s:10:"image_meta";a:12:{s:8:"aperture";s:1:"0";s:6:"credit";s:0:"";s:6:"camera";s:0:"";s:7:"caption";s:0:"";s:17:"created_timestamp";s:1:"0";s:9:"copyright";s:0:"";s:12:"focal_length";s:1:"0";s:3:"iso";s:1:"0";s:13:"shutter_speed";s:1:"0";s:5:"title";s:0:"";s:11:"orientation";s:1:"0";s:8:"keywords";a:0:{}}}]]></wp:meta_value>
		</wp:postmeta>
	</item>
	<item>
		<title>millenials</title>
		<link>https://demo.studiopress.com/breakthrough/millenials/</link>
		<pubDate>Sat, 01 Sep 2018 20:01:11 +0000</pubDate>
		<dc:creator><![CDATA[jbaumann]]></dc:creator>
		<guid isPermaLink="false">https://www.studiopress.com/images/breakthrough-pro/millenials.jpg</guid>
		<description></description>
		<content:encoded><![CDATA[]]></content:encoded>
		<excerpt:encoded><![CDATA[]]></excerpt:encoded>
		<wp:post_id>1803</wp:post_id>
		<wp:post_date><![CDATA[2018-09-01 20:01:11]]></wp:post_date>
		<wp:post_date_gmt><![CDATA[2018-09-01 20:01:11]]></wp:post_date_gmt>
		<wp:comment_status><![CDATA[open]]></wp:comment_status>
		<wp:ping_status><![CDATA[closed]]></wp:ping_status>
		<wp:post_name><![CDATA[millenials]]></wp:post_name>
		<wp:status><![CDATA[inherit]]></wp:status>
		<wp:post_parent>0</wp:post_parent>
		<wp:menu_order>0</wp:menu_order>
		<wp:post_type><![CDATA[attachment]]></wp:post_type>
		<wp:post_password><![CDATA[]]></wp:post_password>
		<wp:is_sticky>0</wp:is_sticky>
		<wp:attachment_url><![CDATA[https://www.studiopress.com/images/breakthrough-pro/millenials.jpg]]></wp:attachment_url>
		<wp:postmeta>
			<wp:meta_key><![CDATA[_wp_attached_file]]></wp:meta_key>
			<wp:meta_value><![CDATA[2018/08/millenials.jpg]]></wp:meta_value>
		</wp:postmeta>
		<wp:postmeta>
			<wp:meta_key><![CDATA[_wp_attachment_metadata]]></wp:meta_key>
			<wp:meta_value><![CDATA[a:5:{s:5:"width";i:2000;s:6:"height";i:1333;s:4:"file";s:22:"2018/08/millenials.jpg";s:5:"sizes";a:16:{s:12:"header-image";a:4:{s:4:"file";s:23:"millenials-1600x420.jpg";s:5:"width";i:1600;s:6:"height";i:420;s:9:"mime-type";s:10:"image/jpeg";}s:14:"featured-image";a:4:{s:4:"file";s:22:"millenials-800x440.jpg";s:5:"width";i:800;s:6:"height";i:440;s:9:"mime-type";s:10:"image/jpeg";}s:9:"portfolio";a:4:{s:4:"file";s:22:"millenials-510x650.jpg";s:5:"width";i:510;s:6:"height";i:650;s:9:"mime-type";s:10:"image/jpeg";}s:11:"front-about";a:4:{s:4:"file";s:22:"millenials-590x390.jpg";s:5:"width";i:590;s:6:"height";i:390;s:9:"mime-type";s:10:"image/jpeg";}s:21:"woocommerce_thumbnail";a:5:{s:4:"file";s:22:"millenials-500x500.jpg";s:5:"width";i:500;s:6:"height";i:500;s:9:"mime-type";s:10:"image/jpeg";s:9:"uncropped";b:1;}s:18:"woocommerce_single";a:4:{s:4:"file";s:22:"millenials-660x440.jpg";s:5:"width";i:660;s:6:"height";i:440;s:9:"mime-type";s:10:"image/jpeg";}s:29:"woocommerce_gallery_thumbnail";a:4:{s:4:"file";s:22:"millenials-180x180.jpg";s:5:"width";i:180;s:6:"height";i:180;s:9:"mime-type";s:10:"image/jpeg";}s:12:"shop_catalog";a:4:{s:4:"file";s:22:"millenials-500x500.jpg";s:5:"width";i:500;s:6:"height";i:500;s:9:"mime-type";s:10:"image/jpeg";}s:11:"shop_single";a:4:{s:4:"file";s:22:"millenials-660x440.jpg";s:5:"width";i:660;s:6:"height";i:440;s:9:"mime-type";s:10:"image/jpeg";}s:14:"shop_thumbnail";a:4:{s:4:"file";s:22:"millenials-180x180.jpg";s:5:"width";i:180;s:6:"height";i:180;s:9:"mime-type";s:10:"image/jpeg";}s:9:"thumbnail";a:4:{s:4:"file";s:22:"millenials-150x150.jpg";s:5:"width";i:150;s:6:"height";i:150;s:9:"mime-type";s:10:"image/jpeg";}s:6:"medium";a:4:{s:4:"file";s:22:"millenials-300x200.jpg";s:5:"width";i:300;s:6:"height";i:200;s:9:"mime-type";s:10:"image/jpeg";}s:12:"medium_large";a:4:{s:4:"file";s:22:"millenials-768x512.jpg";s:5:"width";i:768;s:6:"height";i:512;s:9:"mime-type";s:10:"image/jpeg";}s:5:"large";a:4:{s:4:"file";s:23:"millenials-1024x682.jpg";s:5:"width";i:1024;s:6:"height";i:682;s:9:"mime-type";s:10:"image/jpeg";}s:30:"twentyseventeen-featured-image";a:4:{s:4:"file";s:24:"millenials-2000x1200.jpg";s:5:"width";i:2000;s:6:"height";i:1200;s:9:"mime-type";s:10:"image/jpeg";}s:32:"twentyseventeen-thumbnail-avatar";a:4:{s:4:"file";s:22:"millenials-100x100.jpg";s:5:"width";i:100;s:6:"height";i:100;s:9:"mime-type";s:10:"image/jpeg";}}s:10:"image_meta";a:12:{s:8:"aperture";s:1:"0";s:6:"credit";s:0:"";s:6:"camera";s:0:"";s:7:"caption";s:0:"";s:17:"created_timestamp";s:1:"0";s:9:"copyright";s:0:"";s:12:"focal_length";s:1:"0";s:3:"iso";s:1:"0";s:13:"shutter_speed";s:1:"0";s:5:"title";s:0:"";s:11:"orientation";s:1:"0";s:8:"keywords";a:0:{}}}]]></wp:meta_value>
		</wp:postmeta>
	</item>
	<item>
		<title>cafe</title>
		<link>https://demo.studiopress.com/breakthrough/cafe/</link>
		<pubDate>Sat, 01 Sep 2018 20:06:26 +0000</pubDate>
		<dc:creator><![CDATA[jbaumann]]></dc:creator>
		<guid isPermaLink="false">https://www.studiopress.com/images/breakthrough-pro/cafe.jpg</guid>
		<description></description>
		<content:encoded><![CDATA[]]></content:encoded>
		<excerpt:encoded><![CDATA[]]></excerpt:encoded>
		<wp:post_id>1804</wp:post_id>
		<wp:post_date><![CDATA[2018-09-01 20:06:26]]></wp:post_date>
		<wp:post_date_gmt><![CDATA[2018-09-01 20:06:26]]></wp:post_date_gmt>
		<wp:comment_status><![CDATA[open]]></wp:comment_status>
		<wp:ping_status><![CDATA[closed]]></wp:ping_status>
		<wp:post_name><![CDATA[cafe]]></wp:post_name>
		<wp:status><![CDATA[inherit]]></wp:status>
		<wp:post_parent>0</wp:post_parent>
		<wp:menu_order>0</wp:menu_order>
		<wp:post_type><![CDATA[attachment]]></wp:post_type>
		<wp:post_password><![CDATA[]]></wp:post_password>
		<wp:is_sticky>0</wp:is_sticky>
		<wp:attachment_url><![CDATA[https://www.studiopress.com/images/breakthrough-pro/cafe.jpg]]></wp:attachment_url>
		<wp:postmeta>
			<wp:meta_key><![CDATA[_wp_attached_file]]></wp:meta_key>
			<wp:meta_value><![CDATA[2018/08/cafe.jpg]]></wp:meta_value>
		</wp:postmeta>
		<wp:postmeta>
			<wp:meta_key><![CDATA[_wp_attachment_metadata]]></wp:meta_key>
			<wp:meta_value><![CDATA[a:5:{s:5:"width";i:2000;s:6:"height";i:1125;s:4:"file";s:16:"2018/08/cafe.jpg";s:5:"sizes";a:16:{s:12:"header-image";a:4:{s:4:"file";s:17:"cafe-1600x420.jpg";s:5:"width";i:1600;s:6:"height";i:420;s:9:"mime-type";s:10:"image/jpeg";}s:14:"featured-image";a:4:{s:4:"file";s:16:"cafe-800x440.jpg";s:5:"width";i:800;s:6:"height";i:440;s:9:"mime-type";s:10:"image/jpeg";}s:9:"portfolio";a:4:{s:4:"file";s:16:"cafe-510x650.jpg";s:5:"width";i:510;s:6:"height";i:650;s:9:"mime-type";s:10:"image/jpeg";}s:11:"front-about";a:4:{s:4:"file";s:16:"cafe-590x390.jpg";s:5:"width";i:590;s:6:"height";i:390;s:9:"mime-type";s:10:"image/jpeg";}s:21:"woocommerce_thumbnail";a:5:{s:4:"file";s:16:"cafe-500x500.jpg";s:5:"width";i:500;s:6:"height";i:500;s:9:"mime-type";s:10:"image/jpeg";s:9:"uncropped";b:1;}s:18:"woocommerce_single";a:4:{s:4:"file";s:16:"cafe-660x371.jpg";s:5:"width";i:660;s:6:"height";i:371;s:9:"mime-type";s:10:"image/jpeg";}s:29:"woocommerce_gallery_thumbnail";a:4:{s:4:"file";s:16:"cafe-180x180.jpg";s:5:"width";i:180;s:6:"height";i:180;s:9:"mime-type";s:10:"image/jpeg";}s:12:"shop_catalog";a:4:{s:4:"file";s:16:"cafe-500x500.jpg";s:5:"width";i:500;s:6:"height";i:500;s:9:"mime-type";s:10:"image/jpeg";}s:11:"shop_single";a:4:{s:4:"file";s:16:"cafe-660x371.jpg";s:5:"width";i:660;s:6:"height";i:371;s:9:"mime-type";s:10:"image/jpeg";}s:14:"shop_thumbnail";a:4:{s:4:"file";s:16:"cafe-180x180.jpg";s:5:"width";i:180;s:6:"height";i:180;s:9:"mime-type";s:10:"image/jpeg";}s:9:"thumbnail";a:4:{s:4:"file";s:16:"cafe-150x150.jpg";s:5:"width";i:150;s:6:"height";i:150;s:9:"mime-type";s:10:"image/jpeg";}s:6:"medium";a:4:{s:4:"file";s:16:"cafe-300x169.jpg";s:5:"width";i:300;s:6:"height";i:169;s:9:"mime-type";s:10:"image/jpeg";}s:12:"medium_large";a:4:{s:4:"file";s:16:"cafe-768x432.jpg";s:5:"width";i:768;s:6:"height";i:432;s:9:"mime-type";s:10:"image/jpeg";}s:5:"large";a:4:{s:4:"file";s:17:"cafe-1024x576.jpg";s:5:"width";i:1024;s:6:"height";i:576;s:9:"mime-type";s:10:"image/jpeg";}s:30:"twentyseventeen-featured-image";a:4:{s:4:"file";s:18:"cafe-2000x1125.jpg";s:5:"width";i:2000;s:6:"height";i:1125;s:9:"mime-type";s:10:"image/jpeg";}s:32:"twentyseventeen-thumbnail-avatar";a:4:{s:4:"file";s:16:"cafe-100x100.jpg";s:5:"width";i:100;s:6:"height";i:100;s:9:"mime-type";s:10:"image/jpeg";}}s:10:"image_meta";a:12:{s:8:"aperture";s:1:"0";s:6:"credit";s:0:"";s:6:"camera";s:0:"";s:7:"caption";s:0:"";s:17:"created_timestamp";s:1:"0";s:9:"copyright";s:0:"";s:12:"focal_length";s:1:"0";s:3:"iso";s:1:"0";s:13:"shutter_speed";s:1:"0";s:5:"title";s:0:"";s:11:"orientation";s:1:"0";s:8:"keywords";a:0:{}}}]]></wp:meta_value>
		</wp:postmeta>
	</item>
	<item>
		<title>jumping</title>
		<link>https://demo.studiopress.com/breakthrough/jumping/</link>
		<pubDate>Sat, 01 Sep 2018 16:18:26 +0000</pubDate>
		<dc:creator><![CDATA[jbaumann]]></dc:creator>
		<guid isPermaLink="false">https://www.studiopress.com/images/breakthrough-pro/jumping.jpg</guid>
		<description></description>
		<content:encoded><![CDATA[]]></content:encoded>
		<excerpt:encoded><![CDATA[]]></excerpt:encoded>
		<wp:post_id>1788</wp:post_id>
		<wp:post_date><![CDATA[2018-09-01 16:18:26]]></wp:post_date>
		<wp:post_date_gmt><![CDATA[2018-09-01 16:18:26]]></wp:post_date_gmt>
		<wp:comment_status><![CDATA[open]]></wp:comment_status>
		<wp:ping_status><![CDATA[closed]]></wp:ping_status>
		<wp:post_name><![CDATA[jumping]]></wp:post_name>
		<wp:status><![CDATA[inherit]]></wp:status>
		<wp:post_parent>0</wp:post_parent>
		<wp:menu_order>0</wp:menu_order>
		<wp:post_type><![CDATA[attachment]]></wp:post_type>
		<wp:post_password><![CDATA[]]></wp:post_password>
		<wp:is_sticky>0</wp:is_sticky>
		<wp:attachment_url><![CDATA[https://www.studiopress.com/images/breakthrough-pro/jumping.jpg]]></wp:attachment_url>
		<wp:postmeta>
			<wp:meta_key><![CDATA[_wp_attached_file]]></wp:meta_key>
			<wp:meta_value><![CDATA[2018/08/jumping.jpg]]></wp:meta_value>
		</wp:postmeta>
		<wp:postmeta>
			<wp:meta_key><![CDATA[_wp_attachment_metadata]]></wp:meta_key>
			<wp:meta_value><![CDATA[a:5:{s:5:"width";i:1600;s:6:"height";i:977;s:4:"file";s:19:"2018/08/jumping.jpg";s:5:"sizes";a:15:{s:12:"header-image";a:4:{s:4:"file";s:20:"jumping-1600x420.jpg";s:5:"width";i:1600;s:6:"height";i:420;s:9:"mime-type";s:10:"image/jpeg";}s:14:"featured-image";a:4:{s:4:"file";s:19:"jumping-800x440.jpg";s:5:"width";i:800;s:6:"height";i:440;s:9:"mime-type";s:10:"image/jpeg";}s:9:"portfolio";a:4:{s:4:"file";s:19:"jumping-510x650.jpg";s:5:"width";i:510;s:6:"height";i:650;s:9:"mime-type";s:10:"image/jpeg";}s:11:"front-about";a:4:{s:4:"file";s:19:"jumping-590x390.jpg";s:5:"width";i:590;s:6:"height";i:390;s:9:"mime-type";s:10:"image/jpeg";}s:21:"woocommerce_thumbnail";a:5:{s:4:"file";s:19:"jumping-500x500.jpg";s:5:"width";i:500;s:6:"height";i:500;s:9:"mime-type";s:10:"image/jpeg";s:9:"uncropped";b:1;}s:18:"woocommerce_single";a:4:{s:4:"file";s:19:"jumping-660x403.jpg";s:5:"width";i:660;s:6:"height";i:403;s:9:"mime-type";s:10:"image/jpeg";}s:29:"woocommerce_gallery_thumbnail";a:4:{s:4:"file";s:19:"jumping-180x180.jpg";s:5:"width";i:180;s:6:"height";i:180;s:9:"mime-type";s:10:"image/jpeg";}s:12:"shop_catalog";a:4:{s:4:"file";s:19:"jumping-500x500.jpg";s:5:"width";i:500;s:6:"height";i:500;s:9:"mime-type";s:10:"image/jpeg";}s:11:"shop_single";a:4:{s:4:"file";s:19:"jumping-660x403.jpg";s:5:"width";i:660;s:6:"height";i:403;s:9:"mime-type";s:10:"image/jpeg";}s:14:"shop_thumbnail";a:4:{s:4:"file";s:19:"jumping-180x180.jpg";s:5:"width";i:180;s:6:"height";i:180;s:9:"mime-type";s:10:"image/jpeg";}s:9:"thumbnail";a:4:{s:4:"file";s:19:"jumping-150x150.jpg";s:5:"width";i:150;s:6:"height";i:150;s:9:"mime-type";s:10:"image/jpeg";}s:6:"medium";a:4:{s:4:"file";s:19:"jumping-300x183.jpg";s:5:"width";i:300;s:6:"height";i:183;s:9:"mime-type";s:10:"image/jpeg";}s:12:"medium_large";a:4:{s:4:"file";s:19:"jumping-768x469.jpg";s:5:"width";i:768;s:6:"height";i:469;s:9:"mime-type";s:10:"image/jpeg";}s:5:"large";a:4:{s:4:"file";s:20:"jumping-1024x625.jpg";s:5:"width";i:1024;s:6:"height";i:625;s:9:"mime-type";s:10:"image/jpeg";}s:32:"twentyseventeen-thumbnail-avatar";a:4:{s:4:"file";s:19:"jumping-100x100.jpg";s:5:"width";i:100;s:6:"height";i:100;s:9:"mime-type";s:10:"image/jpeg";}}s:10:"image_meta";a:12:{s:8:"aperture";s:1:"0";s:6:"credit";s:0:"";s:6:"camera";s:0:"";s:7:"caption";s:0:"";s:17:"created_timestamp";s:1:"0";s:9:"copyright";s:0:"";s:12:"focal_length";s:1:"0";s:3:"iso";s:1:"0";s:13:"shutter_speed";s:1:"0";s:5:"title";s:0:"";s:11:"orientation";s:1:"0";s:8:"keywords";a:0:{}}}]]></wp:meta_value>
		</wp:postmeta>
	</item>
	<item>
		<title>notepad</title>
		<link>https://demo.studiopress.com/breakthrough/notepad/</link>
		<pubDate>Sat, 01 Sep 2018 20:10:00 +0000</pubDate>
		<dc:creator><![CDATA[jbaumann]]></dc:creator>
		<guid isPermaLink="false">https://www.studiopress.com/images/breakthrough-pro/notepad.jpg</guid>
		<description></description>
		<content:encoded><![CDATA[]]></content:encoded>
		<excerpt:encoded><![CDATA[]]></excerpt:encoded>
		<wp:post_id>1812</wp:post_id>
		<wp:post_date><![CDATA[2018-09-01 20:10:00]]></wp:post_date>
		<wp:post_date_gmt><![CDATA[2018-09-01 20:10:00]]></wp:post_date_gmt>
		<wp:comment_status><![CDATA[open]]></wp:comment_status>
		<wp:ping_status><![CDATA[closed]]></wp:ping_status>
		<wp:post_name><![CDATA[notepad]]></wp:post_name>
		<wp:status><![CDATA[inherit]]></wp:status>
		<wp:post_parent>0</wp:post_parent>
		<wp:menu_order>0</wp:menu_order>
		<wp:post_type><![CDATA[attachment]]></wp:post_type>
		<wp:post_password><![CDATA[]]></wp:post_password>
		<wp:is_sticky>0</wp:is_sticky>
		<wp:attachment_url><![CDATA[https://www.studiopress.com/images/breakthrough-pro/notepad.jpg]]></wp:attachment_url>
		<wp:postmeta>
			<wp:meta_key><![CDATA[_wp_attached_file]]></wp:meta_key>
			<wp:meta_value><![CDATA[2018/08/notepad.jpg]]></wp:meta_value>
		</wp:postmeta>
		<wp:postmeta>
			<wp:meta_key><![CDATA[_wp_attachment_metadata]]></wp:meta_key>
			<wp:meta_value><![CDATA[a:5:{s:5:"width";i:2000;s:6:"height";i:2500;s:4:"file";s:19:"2018/08/notepad.jpg";s:5:"sizes";a:16:{s:12:"header-image";a:4:{s:4:"file";s:20:"notepad-1600x420.jpg";s:5:"width";i:1600;s:6:"height";i:420;s:9:"mime-type";s:10:"image/jpeg";}s:14:"featured-image";a:4:{s:4:"file";s:19:"notepad-800x440.jpg";s:5:"width";i:800;s:6:"height";i:440;s:9:"mime-type";s:10:"image/jpeg";}s:9:"portfolio";a:4:{s:4:"file";s:19:"notepad-510x650.jpg";s:5:"width";i:510;s:6:"height";i:650;s:9:"mime-type";s:10:"image/jpeg";}s:11:"front-about";a:4:{s:4:"file";s:19:"notepad-590x390.jpg";s:5:"width";i:590;s:6:"height";i:390;s:9:"mime-type";s:10:"image/jpeg";}s:21:"woocommerce_thumbnail";a:5:{s:4:"file";s:19:"notepad-500x500.jpg";s:5:"width";i:500;s:6:"height";i:500;s:9:"mime-type";s:10:"image/jpeg";s:9:"uncropped";b:1;}s:18:"woocommerce_single";a:4:{s:4:"file";s:19:"notepad-660x825.jpg";s:5:"width";i:660;s:6:"height";i:825;s:9:"mime-type";s:10:"image/jpeg";}s:29:"woocommerce_gallery_thumbnail";a:4:{s:4:"file";s:19:"notepad-180x180.jpg";s:5:"width";i:180;s:6:"height";i:180;s:9:"mime-type";s:10:"image/jpeg";}s:12:"shop_catalog";a:4:{s:4:"file";s:19:"notepad-500x500.jpg";s:5:"width";i:500;s:6:"height";i:500;s:9:"mime-type";s:10:"image/jpeg";}s:11:"shop_single";a:4:{s:4:"file";s:19:"notepad-660x825.jpg";s:5:"width";i:660;s:6:"height";i:825;s:9:"mime-type";s:10:"image/jpeg";}s:14:"shop_thumbnail";a:4:{s:4:"file";s:19:"notepad-180x180.jpg";s:5:"width";i:180;s:6:"height";i:180;s:9:"mime-type";s:10:"image/jpeg";}s:9:"thumbnail";a:4:{s:4:"file";s:19:"notepad-150x150.jpg";s:5:"width";i:150;s:6:"height";i:150;s:9:"mime-type";s:10:"image/jpeg";}s:6:"medium";a:4:{s:4:"file";s:19:"notepad-240x300.jpg";s:5:"width";i:240;s:6:"height";i:300;s:9:"mime-type";s:10:"image/jpeg";}s:12:"medium_large";a:4:{s:4:"file";s:19:"notepad-768x960.jpg";s:5:"width";i:768;s:6:"height";i:960;s:9:"mime-type";s:10:"image/jpeg";}s:5:"large";a:4:{s:4:"file";s:20:"notepad-819x1024.jpg";s:5:"width";i:819;s:6:"height";i:1024;s:9:"mime-type";s:10:"image/jpeg";}s:30:"twentyseventeen-featured-image";a:4:{s:4:"file";s:21:"notepad-2000x1200.jpg";s:5:"width";i:2000;s:6:"height";i:1200;s:9:"mime-type";s:10:"image/jpeg";}s:32:"twentyseventeen-thumbnail-avatar";a:4:{s:4:"file";s:19:"notepad-100x100.jpg";s:5:"width";i:100;s:6:"height";i:100;s:9:"mime-type";s:10:"image/jpeg";}}s:10:"image_meta";a:12:{s:8:"aperture";s:1:"0";s:6:"credit";s:0:"";s:6:"camera";s:0:"";s:7:"caption";s:0:"";s:17:"created_timestamp";s:1:"0";s:9:"copyright";s:0:"";s:12:"focal_length";s:1:"0";s:3:"iso";s:1:"0";s:13:"shutter_speed";s:1:"0";s:5:"title";s:0:"";s:11:"orientation";s:1:"0";s:8:"keywords";a:0:{}}}]]></wp:meta_value>
		</wp:postmeta>
	</item>
	<item>
		<title>clothing</title>
		<link>https://demo.studiopress.com/breakthrough/clothing-2/</link>
		<pubDate>Sat, 01 Sep 2018 20:13:08 +0000</pubDate>
		<dc:creator><![CDATA[jbaumann]]></dc:creator>
		<guid isPermaLink="false">https://www.studiopress.com/images/breakthrough-pro/clothing.jpg</guid>
		<description></description>
		<content:encoded><![CDATA[]]></content:encoded>
		<excerpt:encoded><![CDATA[]]></excerpt:encoded>
		<wp:post_id>1813</wp:post_id>
		<wp:post_date><![CDATA[2018-09-01 20:13:08]]></wp:post_date>
		<wp:post_date_gmt><![CDATA[2018-09-01 20:13:08]]></wp:post_date_gmt>
		<wp:comment_status><![CDATA[open]]></wp:comment_status>
		<wp:ping_status><![CDATA[closed]]></wp:ping_status>
		<wp:post_name><![CDATA[clothing-2]]></wp:post_name>
		<wp:status><![CDATA[inherit]]></wp:status>
		<wp:post_parent>0</wp:post_parent>
		<wp:menu_order>0</wp:menu_order>
		<wp:post_type><![CDATA[attachment]]></wp:post_type>
		<wp:post_password><![CDATA[]]></wp:post_password>
		<wp:is_sticky>0</wp:is_sticky>
		<wp:attachment_url><![CDATA[https://www.studiopress.com/images/breakthrough-pro/clothing.jpg]]></wp:attachment_url>
		<wp:postmeta>
			<wp:meta_key><![CDATA[_wp_attached_file]]></wp:meta_key>
			<wp:meta_value><![CDATA[2018/08/clothing.jpg]]></wp:meta_value>
		</wp:postmeta>
		<wp:postmeta>
			<wp:meta_key><![CDATA[_wp_attachment_metadata]]></wp:meta_key>
			<wp:meta_value><![CDATA[a:5:{s:5:"width";i:2000;s:6:"height";i:1330;s:4:"file";s:20:"2018/08/clothing.jpg";s:5:"sizes";a:16:{s:12:"header-image";a:4:{s:4:"file";s:21:"clothing-1600x420.jpg";s:5:"width";i:1600;s:6:"height";i:420;s:9:"mime-type";s:10:"image/jpeg";}s:14:"featured-image";a:4:{s:4:"file";s:20:"clothing-800x440.jpg";s:5:"width";i:800;s:6:"height";i:440;s:9:"mime-type";s:10:"image/jpeg";}s:9:"portfolio";a:4:{s:4:"file";s:20:"clothing-510x650.jpg";s:5:"width";i:510;s:6:"height";i:650;s:9:"mime-type";s:10:"image/jpeg";}s:11:"front-about";a:4:{s:4:"file";s:20:"clothing-590x390.jpg";s:5:"width";i:590;s:6:"height";i:390;s:9:"mime-type";s:10:"image/jpeg";}s:21:"woocommerce_thumbnail";a:5:{s:4:"file";s:20:"clothing-500x500.jpg";s:5:"width";i:500;s:6:"height";i:500;s:9:"mime-type";s:10:"image/jpeg";s:9:"uncropped";b:1;}s:18:"woocommerce_single";a:4:{s:4:"file";s:20:"clothing-660x439.jpg";s:5:"width";i:660;s:6:"height";i:439;s:9:"mime-type";s:10:"image/jpeg";}s:29:"woocommerce_gallery_thumbnail";a:4:{s:4:"file";s:20:"clothing-180x180.jpg";s:5:"width";i:180;s:6:"height";i:180;s:9:"mime-type";s:10:"image/jpeg";}s:12:"shop_catalog";a:4:{s:4:"file";s:20:"clothing-500x500.jpg";s:5:"width";i:500;s:6:"height";i:500;s:9:"mime-type";s:10:"image/jpeg";}s:11:"shop_single";a:4:{s:4:"file";s:20:"clothing-660x439.jpg";s:5:"width";i:660;s:6:"height";i:439;s:9:"mime-type";s:10:"image/jpeg";}s:14:"shop_thumbnail";a:4:{s:4:"file";s:20:"clothing-180x180.jpg";s:5:"width";i:180;s:6:"height";i:180;s:9:"mime-type";s:10:"image/jpeg";}s:9:"thumbnail";a:4:{s:4:"file";s:20:"clothing-150x150.jpg";s:5:"width";i:150;s:6:"height";i:150;s:9:"mime-type";s:10:"image/jpeg";}s:6:"medium";a:4:{s:4:"file";s:20:"clothing-300x200.jpg";s:5:"width";i:300;s:6:"height";i:200;s:9:"mime-type";s:10:"image/jpeg";}s:12:"medium_large";a:4:{s:4:"file";s:20:"clothing-768x511.jpg";s:5:"width";i:768;s:6:"height";i:511;s:9:"mime-type";s:10:"image/jpeg";}s:5:"large";a:4:{s:4:"file";s:21:"clothing-1024x681.jpg";s:5:"width";i:1024;s:6:"height";i:681;s:9:"mime-type";s:10:"image/jpeg";}s:30:"twentyseventeen-featured-image";a:4:{s:4:"file";s:22:"clothing-2000x1200.jpg";s:5:"width";i:2000;s:6:"height";i:1200;s:9:"mime-type";s:10:"image/jpeg";}s:32:"twentyseventeen-thumbnail-avatar";a:4:{s:4:"file";s:20:"clothing-100x100.jpg";s:5:"width";i:100;s:6:"height";i:100;s:9:"mime-type";s:10:"image/jpeg";}}s:10:"image_meta";a:12:{s:8:"aperture";s:1:"0";s:6:"credit";s:0:"";s:6:"camera";s:0:"";s:7:"caption";s:0:"";s:17:"created_timestamp";s:1:"0";s:9:"copyright";s:0:"";s:12:"focal_length";s:1:"0";s:3:"iso";s:1:"0";s:13:"shutter_speed";s:1:"0";s:5:"title";s:0:"";s:11:"orientation";s:1:"0";s:8:"keywords";a:0:{}}}]]></wp:meta_value>
		</wp:postmeta>
	</item>
</channel>
</rss>
